DataLoader: found 20 files matching finewebedu10B/finewebedu_train_*.bin
/workspace/nanoGPT_1GPU_SPEEDRUN/train_gpt2_3060ti.py:307: UserWarning: The given buffer is not writable, and PyTorch does not support non-writable tensors. This means you can write to the underlying (supposedly non-writable) buffer using the tensor. You may want to copy the buffer to protect its data or make it writable before converting it to a tensor. This type of warning will be suppressed for the rest of this program. (Triggered internally at /pytorch/torch/csrc/utils/tensor_new.cpp:1581.)
  return torch.frombuffer(f.read(), dtype=torch.uint16)[256*2:]
DataLoader: found 1 files matching finewebedu10B/finewebedu_val_*.bin
Running in BF16 mode (no FP8 - RTX 3060 Ti)
Run ID: a99f82f1-58ad-45e4-9678-f42e8b823970
GPU: RTX 3060 Ti (8GB)
Config: batch_size=8, seq_len=12288, iters=7000
Tokens per step: 98,304
Total tokens: 688.1M
Val every 250 steps, checkpoint every 500 steps

Step	Loss	ValLoss	Time(ms)	kt/s	Window	ETA(m)
1	10.812	10.086	9017	10.9	256	1051.9
2	10.188		2727	36.0	256	318.1
3	9.438		2726	36.1	256	318.0
4	9.562		2736	35.9	256	319.1
5	8.500		2739	35.9	256	319.4
6	8.938		2740	35.9	256	319.4
7	8.688		2748	35.8	256	320.3
8	9.500		2751	35.7	256	320.6
9	8.250		2745	35.8	256	319.8
10	8.438		2743	35.8	256	319.6
11	8.312		2743	35.8	256	319.6
12	8.438		2755	35.7	256	320.9
13	8.062		2755	35.7	256	320.9
14	7.969		2754	35.7	256	320.7
15	7.844		2755	35.7	256	320.7
16	7.844		2756	35.7	256	320.8
17	8.000		2759	35.6	256	321.1
18	8.125		2756	35.7	256	320.8
19	7.844		2755	35.7	256	320.6
20	7.625		2753	35.7	256	320.3
21	7.812		2754	35.7	256	320.4
22	7.812		2756	35.7	256	320.6
23	8.188		2756	35.7	256	320.5
24	7.844		2754	35.7	256	320.2
25	7.875		2752	35.7	256	320.0
26	7.688		2755	35.7	256	320.3
27	8.125		2753	35.7	256	320.0
28	7.625		2761	35.6	256	320.9
29	7.906		2770	35.5	256	321.8
30	7.469		2769	35.5	256	321.7
31	7.781		2771	35.5	256	321.8
32	8.375		2773	35.4	256	322.1
33	8.688		2775	35.4	256	322.3
34	7.594		2768	35.5	256	321.4
35	7.625		2772	35.5	256	321.8
36	7.469		2770	35.5	256	321.6
37	7.656		2768	35.5	256	321.3
38	7.406		2769	35.5	256	321.4
39	7.781		2770	35.5	256	321.4
40	7.906		2769	35.5	256	321.2
41	7.719		2769	35.5	256	321.2
42	7.469		2772	35.5	256	321.5
43	7.781		2771	35.5	256	321.4
44	7.500		2769	35.5	256	321.1
45	7.469		2775	35.4	256	321.8
46	7.656		2778	35.4	256	322.0
47	7.344		2776	35.4	256	321.7
48	7.781		2773	35.4	256	321.4
49	7.531		2778	35.4	256	321.9
50	7.375		2769	35.5	256	320.8
51	7.656		2776	35.4	256	321.6
52	7.562		2776	35.4	256	321.5
53	7.250		2778	35.4	256	321.7
54	7.469		2775	35.4	256	321.3
55	7.344		2770	35.5	256	320.7
56	7.438		2767	35.5	256	320.3
57	7.188		2769	35.5	256	320.5
58	7.500		2770	35.5	256	320.5
59	7.281		2767	35.5	256	320.2
60	7.375		2769	35.5	256	320.3
61	6.938		2770	35.5	256	320.4
62	7.156		2768	35.5	256	320.1
63	7.031		2765	35.6	256	319.7
64	7.188		2769	35.5	256	320.2
65	6.969		2770	35.5	256	320.2
66	7.000		2768	35.5	256	320.0
67	6.906		2770	35.5	256	320.1
68	6.812		2773	35.4	256	320.4
69	7.188		2771	35.5	256	320.2
70	6.906		2770	35.5	256	320.0
71	6.688		2770	35.5	256	319.9
72	6.750		2771	35.5	256	320.0
73	6.906		2769	35.5	256	319.7
74	6.906		2770	35.5	256	319.8
75	6.906		2769	35.5	256	319.7
76	6.656		2770	35.5	256	319.7
77	7.094		2769	35.5	256	319.5
78	6.781		2771	35.5	256	319.7
79	6.812		2772	35.5	256	319.8
80	6.688		2769	35.5	256	319.4
81	6.750		2770	35.5	256	319.4
82	6.719		2770	35.5	256	319.4
83	6.719		2771	35.5	256	319.5
84	6.938		2772	35.5	256	319.6
85	6.281		2772	35.5	256	319.6
86	6.312		2770	35.5	256	319.3
87	6.656		2771	35.5	256	319.3
88	6.562		2772	35.5	256	319.4
89	6.750		2775	35.4	256	319.7
90	6.719		2771	35.5	256	319.2
91	6.719		2770	35.5	256	319.0
92	6.406		2767	35.5	256	318.6
93	6.281		2771	35.5	256	319.1
94	6.500		2768	35.5	256	318.6
95	6.125		2768	35.5	256	318.6
96	6.094		2769	35.5	256	318.7
97	6.250		2771	35.5	256	318.8
98	6.531		2775	35.4	256	319.2
99	5.969		2770	35.5	256	318.6
100	7.125		2774	35.4	256	319.1
101	6.781		2777	35.4	256	319.4
102	6.438		2769	35.5	256	318.4
103	6.719		2770	35.5	256	318.4
104	10.562		2775	35.4	256	318.9
105	6.406		2778	35.4	256	319.3
106	6.219		2766	35.5	256	317.8
107	5.906		2768	35.5	256	318.1
108	6.344		2768	35.5	256	318.0
109	6.094		2766	35.5	256	317.7
110	6.250		2768	35.5	256	317.9
111	6.031		2767	35.5	256	317.7
112	6.156		2767	35.5	256	317.6
113	5.938		2768	35.5	256	317.8
114	6.062		2768	35.5	256	317.7
115	5.906		2770	35.5	256	317.9
116	6.094		2766	35.5	256	317.4
117	6.062		2773	35.4	256	318.2
118	6.000		2769	35.5	256	317.6
119	6.219		2769	35.5	256	317.6
120	5.875		2767	35.5	256	317.4
121	6.375		2772	35.5	256	317.9
122	5.969		2768	35.5	256	317.4
123	6.406		2772	35.5	256	317.8
124	5.938		2768	35.5	256	317.3
125	5.875		2768	35.5	256	317.2
126	6.125		2774	35.4	256	317.8
127	6.219		2770	35.5	256	317.4
128	5.781		2767	35.5	256	317.0
129	5.656		2767	35.5	256	316.9
130	5.656		2769	35.5	256	317.1
131	5.594		2772	35.5	256	317.4
132	5.750		2768	35.5	256	316.9
133	5.719		2769	35.5	256	316.9
134	5.750		2771	35.5	256	317.1
135	5.688		2768	35.5	256	316.8
136	5.781		2770	35.5	256	317.0
137	5.625		2771	35.5	256	317.0
138	6.312		2770	35.5	256	316.9
139	6.156		2769	35.5	256	316.7
140	5.594		2769	35.5	256	316.6
141	5.844		2770	35.5	256	316.7
142	5.750		2769	35.5	256	316.6
143	5.688		2768	35.5	256	316.4
144	5.781		2771	35.5	256	316.7
145	5.562		2770	35.5	256	316.5
146	5.906		2771	35.5	256	316.6
147	5.656		2768	35.5	256	316.2
148	5.781		2769	35.5	256	316.3
149	5.844		2770	35.5	256	316.3
150	5.812		2770	35.5	256	316.3
151	5.594		2774	35.4	256	316.8
152	5.938		2769	35.5	256	316.1
153	5.594		2768	35.5	256	315.9
154	5.438		2770	35.5	256	316.1
155	5.375		2769	35.5	256	315.9
156	5.469		2767	35.5	256	315.7
157	5.531		2770	35.5	256	316.0
158	5.469		2770	35.5	256	315.9
159	5.312		2769	35.5	256	315.8
160	5.875		2770	35.5	256	315.8
161	5.656		2770	35.5	256	315.8
162	5.500		2771	35.5	256	315.8
163	5.719		2770	35.5	256	315.7
164	6.156		2771	35.5	256	315.7
165	5.500		2768	35.5	256	315.3
166	5.469		2768	35.5	256	315.3
167	5.719		2769	35.5	256	315.4
168	5.719		2772	35.5	256	315.7
169	5.500		2769	35.5	256	315.3
170	5.625		2770	35.5	256	315.4
171	5.281		2770	35.5	256	315.4
172	5.250		2770	35.5	256	315.3
173	5.594		2769	35.5	256	315.1
174	5.594		2772	35.5	256	315.4
175	5.656		2772	35.5	256	315.4
176	5.656		2772	35.5	256	315.3
177	6.000		2774	35.4	256	315.5
178	5.281		2772	35.5	256	315.2
179	5.594		2773	35.5	256	315.2
180	5.562		2770	35.5	256	314.9
181	5.250		2770	35.5	256	314.8
182	5.406		2770	35.5	256	314.8
183	5.500		2770	35.5	256	314.8
184	5.250		2769	35.5	256	314.6
185	5.312		2769	35.5	256	314.6
186	5.125		2772	35.5	256	314.8
187	5.375		2770	35.5	256	314.6
188	5.188		2771	35.5	256	314.6
189	5.469		2774	35.4	256	314.9
190	5.469		2772	35.5	256	314.7
191	5.250		2769	35.5	256	314.3
192	5.719		2773	35.5	256	314.7
193	5.406		2774	35.4	256	314.8
194	5.531		2772	35.5	256	314.5
195	5.344		2772	35.5	256	314.4
196	5.438		2771	35.5	256	314.3
197	5.219		2774	35.4	256	314.6
198	5.188		2771	35.5	256	314.2
199	5.312		2772	35.5	256	314.2
200	5.125		2773	35.4	256	314.4
201	5.156		2772	35.5	256	314.2
202	5.094		2770	35.5	256	313.9
203	5.188		2775	35.4	256	314.4
204	5.656		2777	35.4	256	314.6
205	5.344		2772	35.5	256	314.0
206	5.281		2772	35.5	256	313.9
207	5.312		2772	35.5	256	313.9
208	5.312		2773	35.4	256	314.0
209	5.562		2772	35.5	256	313.8
210	5.062		2771	35.5	256	313.7
211	5.188		2773	35.5	256	313.8
212	5.219		2774	35.4	256	313.8
213	5.375		2781	35.4	256	314.6
214	5.281		2771	35.5	256	313.5
215	4.812		2772	35.5	256	313.5
216	5.188		2774	35.4	256	313.7
217	5.438		2772	35.5	256	313.4
218	5.000		2769	35.5	256	313.0
219	5.219		2772	35.5	256	313.4
220	4.938		2772	35.5	256	313.3
221	5.219		2772	35.5	256	313.2
222	5.594		2774	35.4	256	313.5
223	5.250		2772	35.5	256	313.2
224	5.469		2777	35.4	256	313.6
225	5.438		2772	35.5	256	313.0
226	5.469		2773	35.4	256	313.2
227	5.531		2773	35.4	256	313.1
228	5.000		2774	35.4	256	313.1
229	5.344		2772	35.5	256	312.9
230	5.375		2772	35.5	256	312.8
231	5.000		2775	35.4	256	313.1
232	5.094		2772	35.5	256	312.8
233	5.500		2774	35.4	256	313.0
234	4.312		2776	35.4	256	313.1
235	5.219		2773	35.4	256	312.8
236	5.594		2775	35.4	256	312.9
237	5.875		2774	35.4	256	312.8
238	5.031		2773	35.5	256	312.5
239	4.812		2774	35.4	256	312.6
240	5.156		2772	35.5	256	312.3
241	5.344		2773	35.4	256	312.4
242	5.031		2773	35.4	256	312.4
243	5.125		2775	35.4	256	312.6
244	5.000		2774	35.4	256	312.4
245	5.438		2774	35.4	256	312.3
246	5.312		2771	35.5	256	312.0
247	4.938		2776	35.4	256	312.5
248	5.000		2775	35.4	256	312.3
249	5.781		2773	35.4	256	312.1
250	5.281		2777	35.4	256	312.4
251	5.312	5.418	2772	35.5	256	311.8
252	5.344		2774	35.4	256	312.0
253	5.531		2773	35.4	256	311.9
254	5.406		2774	35.4	256	312.0
255	5.000		2772	35.5	256	311.6
256	5.250		2771	35.5	256	311.5
257	5.188		2773	35.5	256	311.7
258	5.125		2774	35.4	256	311.7
259	5.062		2775	35.4	256	311.8
260	5.188		2773	35.5	256	311.5
261	5.125		2772	35.5	256	311.4
262	5.281		2774	35.4	256	311.6
263	5.156		2774	35.4	256	311.5
264	5.469		2775	35.4	256	311.5
265	5.156		2772	35.5	256	311.2
266	5.375		2774	35.4	256	311.4
267	5.250		2772	35.5	256	311.1
268	5.438		2773	35.4	256	311.2
269	4.656		2774	35.4	256	311.2
270	5.500		2776	35.4	256	311.4
271	5.125		2773	35.5	256	311.0
272	5.312		2776	35.4	256	311.4
273	5.156		2772	35.5	256	310.8
274	5.312		2774	35.4	256	311.0
275	5.250		2772	35.5	256	310.8
276	5.125		2772	35.5	256	310.7
277	5.344		2779	35.4	256	311.4
278	5.312		2774	35.4	256	310.8
279	5.156		2772	35.5	256	310.6
280	5.844		2776	35.4	256	311.0
281	5.031		2775	35.4	256	310.8
282	5.156		2774	35.4	256	310.7
283	5.125		2773	35.4	256	310.5
284	5.156		2778	35.4	256	311.0
285	5.188		2775	35.4	256	310.7
286	5.188		2773	35.5	256	310.3
287	5.031		2772	35.5	256	310.2
288	5.000		2775	35.4	256	310.5
289	4.969		2776	35.4	256	310.5
290	5.188		2774	35.4	256	310.3
291	4.938		2772	35.5	256	310.0
292	4.875		2776	35.4	256	310.4
293	4.875		2775	35.4	256	310.3
294	4.812		2771	35.5	256	309.7
295	5.188		2777	35.4	256	310.3
296	5.062		2776	35.4	256	310.2
297	5.000		2775	35.4	256	310.0
298	5.062		2774	35.4	256	309.9
299	4.781		2772	35.5	256	309.7
300	4.844		2775	35.4	256	309.9
301	5.312		2779	35.4	256	310.3
302	5.188		2776	35.4	256	309.9
303	5.000		2772	35.5	256	309.5
304	5.094		2775	35.4	256	309.8
305	5.094		2774	35.4	256	309.6
306	5.062		2774	35.4	256	309.5
307	4.906		2772	35.5	256	309.3
308	4.781		2774	35.4	256	309.4
309	5.000		2774	35.4	256	309.4
310	5.000		2776	35.4	256	309.5
311	5.219		2773	35.4	256	309.2
312	4.969		2774	35.4	256	309.3
313	4.781		2774	35.4	256	309.3
314	4.719		2774	35.4	256	309.2
315	4.812		2772	35.5	256	308.9
316	4.938		2774	35.4	256	309.1
317	4.969		2776	35.4	256	309.3
318	4.812		2775	35.4	256	309.1
319	4.875		2773	35.4	256	308.8
320	4.969		2774	35.4	256	308.9
321	4.781		2786	35.3	256	310.1
322	5.125		2775	35.4	256	308.9
323	4.719		2774	35.4	256	308.8
324	5.031		2772	35.5	256	308.5
325	5.031		2773	35.5	256	308.5
326	4.938		2775	35.4	256	308.7
327	4.812		2772	35.5	256	308.3
328	4.688		2774	35.4	256	308.5
329	4.938		2776	35.4	256	308.7
330	5.156		2774	35.4	256	308.4
331	4.875		2777	35.4	256	308.8
332	5.031		2775	35.4	256	308.5
333	4.750		2775	35.4	256	308.4
334	4.969		2776	35.4	256	308.4
335	5.000		2773	35.5	256	308.1
336	5.062		2775	35.4	256	308.3
337	4.719		2776	35.4	256	308.3
338	5.125		2776	35.4	256	308.2
339	4.844		2773	35.5	256	307.8
340	4.844		2773	35.5	256	307.8
341	4.812		2774	35.4	256	307.9
342	4.906		2775	35.4	256	308.0
343	4.969		2772	35.5	256	307.6
344	4.750		2772	35.5	256	307.5
345	4.688		2773	35.5	256	307.6
346	4.812		2775	35.4	256	307.8
347	4.812		2776	35.4	256	307.8
348	5.031		2772	35.5	256	307.3
349	4.844		2773	35.5	256	307.4
350	4.875		2778	35.4	256	307.9
351	4.812		2778	35.4	256	307.9
352	4.938		2777	35.4	256	307.7
353	4.812		2773	35.4	256	307.3
354	4.812		2777	35.4	256	307.7
355	4.750		2775	35.4	256	307.4
356	4.906		2775	35.4	256	307.3
357	4.781		2775	35.4	256	307.2
358	5.031		2775	35.4	256	307.3
359	4.750		2774	35.4	256	307.1
360	5.375		2777	35.4	256	307.4
361	4.938		2776	35.4	256	307.2
362	4.906		2777	35.4	256	307.3
363	4.844		2773	35.5	256	306.8
364	4.906		2772	35.5	256	306.6
365	4.906		2775	35.4	256	306.9
366	4.938		2776	35.4	256	307.0
367	4.625		2774	35.4	256	306.7
368	4.812		2776	35.4	256	306.8
369	4.969		2775	35.4	256	306.8
370	4.719		2776	35.4	256	306.8
371	4.719		2779	35.4	256	307.0
372	4.875		2777	35.4	256	306.8
373	4.594		2775	35.4	256	306.6
374	4.844		2775	35.4	256	306.4
375	4.969		2778	35.4	256	306.8
376	4.500		2773	35.4	256	306.2
377	4.719		2773	35.5	256	306.1
378	4.656		2774	35.4	256	306.3
379	4.688		2776	35.4	256	306.4
380	4.781		2776	35.4	256	306.3
381	4.906		2776	35.4	256	306.3
382	4.656		2774	35.4	256	306.1
383	4.719		2777	35.4	256	306.3
384	4.875		2777	35.4	256	306.3
385	5.281		2774	35.4	256	305.9
386	4.812		2773	35.5	256	305.7
387	4.688		2777	35.4	256	306.1
388	4.969		2775	35.4	256	305.8
389	4.875		2775	35.4	256	305.8
390	4.656		2773	35.4	256	305.6
391	4.688		2775	35.4	256	305.7
392	4.688		2778	35.4	256	306.0
393	4.531		2776	35.4	256	305.7
394	4.938		2777	35.4	256	305.8
395	4.656		2776	35.4	256	305.6
396	4.812		2776	35.4	256	305.6
397	4.531		2775	35.4	256	305.5
398	4.844		2773	35.5	256	305.1
399	4.531		2773	35.5	256	305.1
400	4.531		2775	35.4	256	305.3
401	4.688		2776	35.4	256	305.3
402	4.625		2775	35.4	256	305.2
403	4.625		2777	35.4	256	305.4
404	4.750		2775	35.4	256	305.1
405	4.688		2776	35.4	256	305.2
406	4.531		2774	35.4	256	304.9
407	4.719		2775	35.4	256	305.0
408	4.875		2777	35.4	256	305.2
409	5.000		2777	35.4	256	305.2
410	4.500		2778	35.4	256	305.1
411	4.469		2776	35.4	256	304.9
412	4.656		2773	35.4	256	304.6
413	4.562		2774	35.4	256	304.5
414	4.938		2775	35.4	256	304.7
415	4.875		2776	35.4	256	304.8
416	4.750		2775	35.4	256	304.5
417	4.562		2777	35.4	256	304.8
418	4.781		2777	35.4	256	304.7
419	4.688		2773	35.4	256	304.2
420	4.719		2774	35.4	256	304.2
421	4.844		2776	35.4	256	304.5
422	4.406		2777	35.4	256	304.5
423	4.938		2776	35.4	256	304.3
424	4.750		2773	35.5	256	303.9
425	4.625		2772	35.5	256	303.8
426	4.812		2778	35.4	256	304.5
427	4.750		2775	35.4	256	304.0
428	4.438		2777	35.4	256	304.2
429	4.688		2784	35.3	256	304.9
430	4.531		2776	35.4	256	304.0
431	4.625		2784	35.3	256	304.8
432	4.594		2776	35.4	256	303.9
433	4.562		2777	35.4	256	304.0
434	4.594		2773	35.4	256	303.5
435	4.750		2777	35.4	256	303.8
436	4.594		2782	35.3	256	304.4
437	5.062		2777	35.4	256	303.8
438	4.875		2777	35.4	256	303.7
439	4.594		2776	35.4	256	303.6
440	4.625		2777	35.4	256	303.7
441	4.719		2777	35.4	256	303.6
442	4.656		2777	35.4	256	303.5
443	4.500		2776	35.4	256	303.5
444	4.562		2776	35.4	256	303.4
445	4.750		2777	35.4	256	303.4
446	4.719		2776	35.4	256	303.3
447	4.344		2774	35.4	256	303.0
448	4.344		2774	35.4	256	302.9
449	4.562		2780	35.4	256	303.5
450	4.688		2776	35.4	256	303.1
451	4.438		2776	35.4	256	303.1
452	4.562		2776	35.4	256	303.0
453	4.594		2777	35.4	256	303.0
454	4.438		2775	35.4	256	302.8
455	4.531		2774	35.4	256	302.7
456	4.594		2776	35.4	256	302.8
457	4.344		2776	35.4	256	302.8
458	4.469		2776	35.4	256	302.7
459	4.531		2774	35.4	256	302.5
460	4.469		2790	35.2	256	304.2
461	4.094		2778	35.4	256	302.8
462	4.281		2776	35.4	256	302.5
463	4.562		2776	35.4	256	302.5
464	4.406		2776	35.4	256	302.4
465	4.781		2778	35.4	256	302.6
466	4.406		2782	35.3	256	303.0
467	4.656		2776	35.4	256	302.3
468	4.531		2775	35.4	256	302.1
469	4.594		2776	35.4	256	302.2
470	4.156		2777	35.4	256	302.3
471	4.500		2777	35.4	256	302.3
472	4.469		2777	35.4	256	302.2
473	4.438		2776	35.4	256	302.0
474	4.625		2774	35.4	256	301.7
475	4.219		2776	35.4	256	301.9
476	4.375		2779	35.4	256	302.3
477	4.969		2779	35.4	256	302.2
478	4.438		2777	35.4	256	301.9
479	4.656		2777	35.4	256	301.9
480	4.406		2778	35.4	256	301.9
481	4.438		2777	35.4	256	301.8
482	4.438		2774	35.4	256	301.4
483	4.531		2777	35.4	256	301.7
484	4.469		2777	35.4	256	301.6
485	4.688		2780	35.4	256	301.9
486	4.656		2778	35.4	256	301.6
487	4.719		2774	35.4	256	301.2
488	4.406		2777	35.4	256	301.4
489	5.156		2777	35.4	256	301.4
490	4.469		2777	35.4	256	301.4
491	4.219		2775	35.4	256	301.1
492	4.656		2774	35.4	256	300.9
493	4.438		2776	35.4	256	301.1
494	4.781		2776	35.4	256	301.1
495	4.406		2776	35.4	256	301.0
496	4.844		2775	35.4	256	300.9
497	4.594		2775	35.4	256	300.8
498	4.188		2778	35.4	256	301.0
499	5.094		2773	35.4	256	300.5
500	4.500		2774	35.4	256	300.6
501	4.719	4.824	2775	35.4	256	300.6
Saved checkpoint at step 500
502	4.469		8297	11.8	256	898.8
503	4.656		2768	35.5	256	299.8
504	4.750		2762	35.6	256	299.0
505	4.625		2772	35.5	256	300.1
506	4.469		2761	35.6	256	298.9
507	5.156		2768	35.5	256	299.6
508	4.656		2771	35.5	256	299.9
509	4.531		2830	34.7	256	306.2
510	4.594		2763	35.6	256	298.9
511	4.562		2761	35.6	256	298.7
512	4.438		2763	35.6	256	298.8
513	4.375		2762	35.6	256	298.7
514	4.781		2764	35.6	256	298.8
515	4.781		2776	35.4	256	300.0
516	4.719		2777	35.4	256	300.1
517	4.812		2776	35.4	256	300.0
518	4.406		2775	35.4	256	299.8
519	4.906		2776	35.4	256	299.9
520	4.656		2774	35.4	256	299.6
521	4.531		2775	35.4	256	299.7
522	4.562		2776	35.4	256	299.7
523	4.656		2781	35.4	256	300.2
524	4.750		2780	35.4	256	300.1
525	4.500		2776	35.4	256	299.6
526	4.688		2773	35.5	256	299.2
527	4.625		2775	35.4	256	299.4
528	4.406		2779	35.4	256	299.8
529	4.688		2774	35.4	256	299.2
530	4.500		2771	35.5	256	298.9
531	4.750		2778	35.4	256	299.6
532	4.406		2777	35.4	256	299.4
533	4.625		2775	35.4	256	299.2
534	4.562		2774	35.4	256	299.0
535	4.875		2776	35.4	256	299.1
536	4.375		2778	35.4	256	299.4
537	4.531		2778	35.4	256	299.3
538	4.719		2776	35.4	256	299.0
539	4.781		2775	35.4	256	298.9
540	4.531		2779	35.4	256	299.2
541	4.875		2774	35.4	256	298.6
542	4.625		2776	35.4	256	298.8
543	4.500		2775	35.4	256	298.7
544	4.500		2775	35.4	256	298.7
545	4.656		2777	35.4	256	298.8
546	4.531		2776	35.4	256	298.6
547	4.656		2776	35.4	256	298.6
548	4.500		2775	35.4	256	298.4
549	4.594		2777	35.4	256	298.6
550	4.438		2776	35.4	256	298.5
551	4.531		2779	35.4	256	298.8
552	4.438		2773	35.5	256	298.0
553	4.312		2775	35.4	256	298.2
554	4.406		2775	35.4	256	298.1
555	4.531		2778	35.4	256	298.4
556	4.906		2775	35.4	256	298.1
557	4.594		2775	35.4	256	298.0
558	4.875		2777	35.4	256	298.2
559	4.375		2774	35.4	256	297.9
560	5.438		2773	35.4	256	297.7
561	4.500		2775	35.4	256	297.8
562	4.375		2776	35.4	256	297.9
563	4.625		2776	35.4	256	297.8
564	4.469		2776	35.4	256	297.8
565	4.750		2773	35.4	256	297.5
566	4.562		2779	35.4	256	298.0
567	4.562		2777	35.4	256	297.8
568	4.562		2776	35.4	256	297.6
569	4.562		2775	35.4	256	297.5
570	4.406		2779	35.4	256	297.9
571	4.781		2780	35.4	256	297.9
572	4.469		2777	35.4	256	297.5
573	4.656		2774	35.4	256	297.2
574	4.625		2773	35.5	256	297.0
575	4.625		2776	35.4	256	297.3
576	4.562		2777	35.4	256	297.3
577	4.844		2774	35.4	256	297.0
578	4.562		2775	35.4	256	297.0
579	4.625		2776	35.4	256	297.1
580	4.688		2776	35.4	256	297.1
581	4.250		2776	35.4	256	297.1
582	4.531		2775	35.4	256	296.9
583	4.406		2773	35.4	256	296.7
584	4.375		2779	35.4	256	297.2
585	4.531		2776	35.4	256	296.9
586	4.562		2771	35.5	256	296.3
587	4.406		2772	35.5	256	296.4
588	3.922		2777	35.4	256	296.8
589	4.688		2775	35.4	256	296.6
590	5.062		2775	35.4	256	296.5
591	4.469		2776	35.4	256	296.5
592	4.312		2775	35.4	256	296.4
593	4.469		2775	35.4	256	296.3
594	4.500		2776	35.4	256	296.4
595	4.469		2774	35.4	256	296.2
596	4.375		2775	35.4	256	296.2
597	4.688		2777	35.4	256	296.4
598	4.531		2774	35.4	256	296.0
599	4.438		2775	35.4	256	296.1
600	4.438		2777	35.4	256	296.2
601	4.625		2775	35.4	256	296.0
602	4.469		2774	35.4	256	295.8
603	4.375		2775	35.4	256	295.9
604	4.344		2774	35.4	256	295.7
605	4.531		2777	35.4	256	296.0
606	4.562		2777	35.4	256	296.0
607	4.531		2777	35.4	256	296.0
608	4.219		2777	35.4	256	295.9
609	4.406		2773	35.4	256	295.5
610	4.281		2774	35.4	256	295.5
611	4.438		2779	35.4	256	296.0
612	4.500		2771	35.5	256	295.1
613	4.719		2777	35.4	256	295.7
614	4.531		2779	35.4	256	295.8
615	4.594		2776	35.4	256	295.5
616	4.562		2773	35.4	256	295.1
617	4.625		2775	35.4	256	295.3
618	4.406		2783	35.3	256	296.1
619	4.375		2776	35.4	256	295.3
620	4.438		2775	35.4	256	295.1
621	4.344		2775	35.4	256	295.1
622	4.562		2778	35.4	256	295.4
623	4.469		2777	35.4	256	295.2
624	4.531		2775	35.4	256	294.9
625	4.250		2773	35.5	256	294.7
626	4.469		2775	35.4	256	294.9
627	4.594		2776	35.4	256	294.9
628	4.438		2775	35.4	256	294.8
629	4.344		2775	35.4	256	294.7
630	4.562		2775	35.4	256	294.7
631	4.344		2777	35.4	256	294.8
632	4.156		2776	35.4	256	294.6
633	4.344		2776	35.4	256	294.7
634	4.219		2775	35.4	256	294.4
635	4.375		2778	35.4	256	294.8
636	4.281		2774	35.4	256	294.3
637	4.625		2775	35.4	256	294.3
638	4.469		2775	35.4	256	294.3
639	4.375		2775	35.4	256	294.2
640	4.281		2778	35.4	256	294.5
641	4.344		2774	35.4	256	294.1
642	4.531		2775	35.4	256	294.1
643	4.406		2775	35.4	256	294.0
644	4.344		2776	35.4	256	294.1
645	4.438		2776	35.4	256	294.1
646	4.062		2777	35.4	256	294.2
647	4.406		2774	35.4	256	293.7
648	4.375		2775	35.4	256	293.8
649	4.406		2776	35.4	256	293.8
650	4.062		2777	35.4	256	293.9
651	4.312		2776	35.4	256	293.7
652	4.281		2777	35.4	256	293.9
653	4.250		2776	35.4	256	293.8
654	4.562		2777	35.4	256	293.7
655	4.312		2777	35.4	256	293.7
656	4.375		2777	35.4	256	293.6
657	4.281		2778	35.4	256	293.7
658	4.406		2774	35.4	256	293.3
659	4.469		2775	35.4	256	293.3
660	3.969		2774	35.4	256	293.2
661	4.188		2777	35.4	256	293.4
662	4.406		2776	35.4	256	293.3
663	4.219		2773	35.4	256	292.9
664	4.312		2774	35.4	256	293.0
665	4.656		2777	35.4	256	293.2
666	4.312		2774	35.4	256	292.9
667	4.281		2772	35.5	256	292.6
668	4.438		2775	35.4	256	292.9
669	4.375		2775	35.4	256	292.8
670	4.406		2775	35.4	256	292.8
671	4.312		2777	35.4	256	292.9
672	4.188		2774	35.4	256	292.6
673	4.469		2776	35.4	256	292.8
674	4.281		2778	35.4	256	292.9
675	4.375		2775	35.4	256	292.6
676	4.562		2775	35.4	256	292.5
677	4.438		2777	35.4	256	292.7
678	4.406		2777	35.4	256	292.6
679	4.344		2775	35.4	256	292.4
680	4.344		2773	35.4	256	292.2
681	4.406		2774	35.4	256	292.2
682	4.156		2776	35.4	256	292.4
683	4.250		2776	35.4	256	292.3
684	4.344		2774	35.4	256	292.1
685	4.500		2777	35.4	256	292.3
686	4.312		2777	35.4	256	292.2
687	4.250		2776	35.4	256	292.2
688	4.250		2774	35.4	256	291.9
689	4.438		2776	35.4	256	292.0
690	4.156		2775	35.4	256	291.9
691	4.219		2777	35.4	256	292.0
692	4.031		2775	35.4	256	291.8
693	4.438		2775	35.4	256	291.7
694	4.250		2776	35.4	256	291.8
695	4.312		2778	35.4	256	292.0
696	4.250		2777	35.4	256	291.8
697	4.094		2776	35.4	256	291.7
698	4.156		2781	35.3	256	292.2
699	4.094		2777	35.4	256	291.7
700	4.125		2777	35.4	256	291.7
701	4.438		2776	35.4	256	291.5
702	3.938		2779	35.4	256	291.7
703	4.219		2775	35.4	256	291.2
704	4.281		2778	35.4	256	291.5
705	4.094		2775	35.4	256	291.2
706	4.062		2774	35.4	256	291.1
707	4.344		2775	35.4	256	291.1
708	4.375		2777	35.4	256	291.3
709	4.438		2782	35.3	256	291.7
710	4.156		2778	35.4	256	291.3
711	4.281		2775	35.4	256	291.0
712	4.125		2775	35.4	256	290.9
713	4.188		2776	35.4	256	291.0
714	4.719		2781	35.4	256	291.4
715	4.250		2773	35.4	256	290.6
716	4.281		2775	35.4	256	290.7
717	4.250		2776	35.4	256	290.8
718	4.844		2780	35.4	256	291.1
719	4.469		2779	35.4	256	291.0
720	4.594		2778	35.4	256	290.8
721	4.375		2777	35.4	256	290.7
722	4.281		2779	35.4	256	290.8
723	4.281		2778	35.4	256	290.7
724	4.281		2775	35.4	256	290.3
725	4.469		2775	35.4	256	290.3
726	4.062		2786	35.3	256	291.4
727	4.406		2776	35.4	256	290.2
728	4.469		2775	35.4	256	290.1
729	4.125		2775	35.4	256	290.1
730	4.188		2775	35.4	256	290.1
731	4.438		2777	35.4	256	290.2
732	4.250		2776	35.4	256	290.1
733	4.531		2778	35.4	256	290.2
734	4.156		2775	35.4	256	289.9
735	4.188		2776	35.4	256	289.9
736	4.562		2778	35.4	256	290.0
737	4.344		2777	35.4	256	289.9
738	4.281		2775	35.4	256	289.6
739	4.375		2776	35.4	256	289.7
740	4.250		2777	35.4	256	289.8
741	4.438		2777	35.4	256	289.8
742	4.125		2775	35.4	256	289.5
743	4.219		2778	35.4	256	289.8
744	4.594		2776	35.4	256	289.5
745	4.281		2776	35.4	256	289.5
746	4.594		2786	35.3	256	290.4
747	4.406		2774	35.4	256	289.1
748	4.531		2774	35.4	256	289.1
749	4.562		2777	35.4	256	289.4
750	4.594		2776	35.4	256	289.2
751	4.562	4.551	2774	35.4	256	289.0
752	4.844		2775	35.4	256	289.0
753	4.344		2773	35.5	256	288.7
754	4.531		2778	35.4	256	289.3
755	4.438		2778	35.4	256	289.2
756	4.531		2776	35.4	256	288.9
757	4.406		2774	35.4	256	288.6
758	4.656		2776	35.4	256	288.8
759	4.625		2778	35.4	256	289.0
760	4.375		2776	35.4	256	288.8
761	4.719		2774	35.4	256	288.5
762	4.375		2774	35.4	256	288.5
763	4.438		2779	35.4	256	288.9
764	4.281		2778	35.4	256	288.7
765	4.125		2777	35.4	256	288.7
766	4.438		2773	35.4	256	288.2
767	4.594		2773	35.4	256	288.2
768	4.781		2789	35.2	256	289.7
769	4.562		2782	35.3	256	289.0
770	4.312		2783	35.3	256	289.0
771	4.469		2786	35.3	256	289.3
772	4.250		2773	35.5	256	287.8
773	4.156		2808	35.0	256	291.5
774	4.375		2823	34.8	256	293.0
775	4.531		2778	35.4	256	288.2
776	4.312		2775	35.4	256	287.9
777	4.125		2778	35.4	256	288.2
778	4.438		2775	35.4	256	287.9
779	4.312		2774	35.4	256	287.7
780	4.375		2774	35.4	256	287.7
781	4.375		2775	35.4	256	287.6
782	4.438		2775	35.4	256	287.6
783	4.562		2776	35.4	256	287.7
784	4.406		2774	35.4	256	287.4
785	4.406		2775	35.4	256	287.5
786	4.562		2776	35.4	256	287.6
787	4.312		2776	35.4	256	287.5
788	4.500		2773	35.5	256	287.1
789	4.438		2775	35.4	256	287.3
790	4.594		2777	35.4	256	287.5
791	4.594		2776	35.4	256	287.3
792	4.375		2776	35.4	256	287.3
793	4.656		2778	35.4	256	287.4
794	4.125		2795	35.2	256	289.1
795	4.594		2779	35.4	256	287.5
796	4.438		2775	35.4	256	287.0
797	4.406		2784	35.3	256	287.9
798	4.219		2796	35.2	256	289.1
799	4.562		2783	35.3	256	287.6
800	4.438		2785	35.3	256	287.8
801	4.344		2784	35.3	256	287.6
802	4.406		2780	35.4	256	287.3
803	4.688		2776	35.4	256	286.8
804	4.312		2778	35.4	256	286.9
805	4.500		2775	35.4	256	286.6
806	4.469		2775	35.4	256	286.5
807	4.250		2776	35.4	256	286.6
808	4.531		2777	35.4	256	286.6
809	4.125		2781	35.4	256	287.0
810	4.188		2783	35.3	256	287.2
811	4.438		2784	35.3	256	287.2
812	4.500		2775	35.4	256	286.3
813	4.531		2778	35.4	256	286.5
814	4.500		2784	35.3	256	287.0
815	4.281		2775	35.4	256	286.1
816	4.281		2786	35.3	256	287.2
817	4.250		2778	35.4	256	286.3
818	4.344		2788	35.3	256	287.3
819	4.344		2776	35.4	256	286.0
820	4.344		2789	35.2	256	287.3
821	4.156		2774	35.4	256	285.7
822	4.281		2775	35.4	256	285.8
823	4.094		2776	35.4	256	285.9
824	4.406		2775	35.4	256	285.7
825	4.531		2781	35.3	256	286.3
826	4.312		2776	35.4	256	285.7
827	4.188		2776	35.4	256	285.6
828	4.219		2778	35.4	256	285.8
829	4.438		2775	35.4	256	285.5
830	4.406		2775	35.4	256	285.4
831	4.062		2779	35.4	256	285.8
832	4.469		2774	35.4	256	285.2
833	4.375		2785	35.3	256	286.3
834	4.281		2775	35.4	256	285.2
835	4.250		2776	35.4	256	285.3
836	4.281		2775	35.4	256	285.1
837	4.219		2775	35.4	256	285.1
838	4.406		2773	35.5	256	284.8
839	4.969		2778	35.4	256	285.3
840	4.594		2778	35.4	256	285.2
841	4.312		2779	35.4	256	285.3
842	4.375		2775	35.4	256	284.8
843	5.875		2779	35.4	256	285.2
844	4.438		2776	35.4	256	284.8
845	4.469		2775	35.4	256	284.7
846	4.438		2775	35.4	256	284.6
847	4.406		2773	35.5	256	284.4
848	4.062		2777	35.4	256	284.8
849	4.469		2779	35.4	256	284.9
850	4.406		2775	35.4	256	284.5
851	4.375		2777	35.4	256	284.7
852	4.219		2772	35.5	256	284.1
853	4.125		2775	35.4	256	284.3
854	4.312		2774	35.4	256	284.2
855	4.312		2777	35.4	256	284.5
856	4.375		2775	35.4	256	284.2
857	4.281		2775	35.4	256	284.2
858	4.438		2775	35.4	256	284.1
859	4.375		2774	35.4	256	284.0
860	4.312		2774	35.4	256	283.9
861	4.250		2776	35.4	256	284.0
862	4.375		2776	35.4	256	284.0
863	4.469		2773	35.5	256	283.6
864	4.062		2774	35.4	256	283.7
865	4.906		2777	35.4	256	284.0
866	4.406		2775	35.4	256	283.8
867	4.312		2772	35.5	256	283.4
868	4.125		2774	35.4	256	283.6
869	4.406		2776	35.4	256	283.7
870	4.250		2777	35.4	256	283.8
871	4.344		2775	35.4	256	283.5
872	4.469		2784	35.3	256	284.4
873	4.219		2774	35.4	256	283.3
874	4.156		2782	35.3	256	284.1
875	3.922		2776	35.4	256	283.4
876	4.094		2773	35.5	256	283.1
877	4.344		2773	35.4	256	283.1
878	4.375		2774	35.4	256	283.1
879	4.312		2776	35.4	256	283.2
880	4.156		2774	35.4	256	283.0
881	4.469		2774	35.4	256	283.0
882	4.406		2775	35.4	256	283.0
883	4.469		2776	35.4	256	283.1
884	4.125		2777	35.4	256	283.1
885	4.344		2774	35.4	256	282.8
886	4.156		2773	35.5	256	282.6
887	4.281		2774	35.4	256	282.7
888	4.250		2775	35.4	256	282.7
889	4.406		2780	35.4	256	283.1
890	4.312		2778	35.4	256	283.0
891	4.344		2776	35.4	256	282.7
892	4.094		2775	35.4	256	282.6
893	4.219		2774	35.4	256	282.4
894	4.625		2774	35.4	256	282.4
895	4.250		2776	35.4	256	282.5
896	4.375		2777	35.4	256	282.5
897	4.406		2776	35.4	256	282.4
898	4.219		2777	35.4	256	282.4
899	4.156		2776	35.4	256	282.3
900	4.469		2776	35.4	256	282.3
901	4.219		2777	35.4	256	282.3
902	4.062		2774	35.4	256	282.0
903	4.312		2777	35.4	256	282.2
904	4.375		2776	35.4	256	282.1
905	4.312		2775	35.4	256	281.9
906	4.250		2774	35.4	256	281.8
907	4.219		2774	35.4	256	281.7
908	4.156		2774	35.4	256	281.7
909	4.281		2774	35.4	256	281.7
910	4.281		2775	35.4	256	281.7
911	4.094		2775	35.4	256	281.6
912	4.281		2778	35.4	256	281.9
913	4.250		2776	35.4	256	281.6
914	4.156		2782	35.3	256	282.2
915	4.219		2775	35.4	256	281.5
916	4.438		2774	35.4	256	281.3
917	4.312		2779	35.4	256	281.8
918	4.312		2774	35.4	256	281.2
919	4.344		2776	35.4	256	281.4
920	4.000		2775	35.4	256	281.2
921	4.281		2812	35.0	256	284.9
922	4.562		2793	35.2	256	283.0
923	4.281		2777	35.4	256	281.3
924	4.062		2776	35.4	256	281.1
925	4.375		2775	35.4	256	281.0
926	4.281		2773	35.4	256	280.8
927	4.188		2774	35.4	256	280.8
928	3.562		2777	35.4	256	281.1
929	4.062		2776	35.4	256	280.9
930	4.094		2777	35.4	256	281.0
931	4.094		2774	35.4	256	280.7
932	4.156		2775	35.4	256	280.7
933	4.281		2779	35.4	256	281.0
934	4.281		2777	35.4	256	280.8
935	4.375		2775	35.4	256	280.6
936	4.344		2778	35.4	256	280.8
937	4.062		2779	35.4	256	280.8
938	4.188		2776	35.4	256	280.5
939	4.094		2775	35.4	256	280.4
940	3.938		2775	35.4	256	280.3
941	4.344		2776	35.4	256	280.4
942	4.250		2776	35.4	256	280.3
943	4.188		2773	35.4	256	280.0
944	4.406		2778	35.4	256	280.5
945	3.984		2776	35.4	256	280.2
946	4.250		2775	35.4	256	280.1
947	4.156		2776	35.4	256	280.1
948	4.250		2779	35.4	256	280.3
949	4.219		2779	35.4	256	280.3
950	4.250		2775	35.4	256	279.9
951	4.250		2776	35.4	256	280.0
952	4.031		2776	35.4	256	279.9
953	4.188		2776	35.4	256	279.8
954	3.984		2775	35.4	256	279.7
955	4.094		2775	35.4	256	279.6
956	4.375		2777	35.4	256	279.8
957	4.125		2773	35.5	256	279.3
958	4.156		2776	35.4	256	279.6
959	3.906		2778	35.4	256	279.8
960	4.031		2774	35.4	256	279.3
961	4.000		2775	35.4	256	279.3
962	3.781		2776	35.4	256	279.4
963	4.094		2775	35.4	256	279.3
964	3.969		2775	35.4	256	279.2
965	4.312		2775	35.4	256	279.2
966	4.188		2777	35.4	256	279.3
967	4.250		2775	35.4	256	279.1
968	4.312		2776	35.4	256	279.2
969	3.891		2776	35.4	256	279.1
970	4.125		2775	35.4	256	279.0
971	3.875		2778	35.4	256	279.2
972	4.156		2776	35.4	256	279.0
973	4.344		2776	35.4	256	278.9
974	4.188		2774	35.4	256	278.6
975	4.031		2774	35.4	256	278.6
976	4.312		2777	35.4	256	278.8
977	4.125		2776	35.4	256	278.7
978	3.875		2774	35.4	256	278.5
979	4.031		2772	35.5	256	278.3
980	4.312		2776	35.4	256	278.5
981	4.062		2774	35.4	256	278.3
982	4.562		2776	35.4	256	278.5
983	4.125		2775	35.4	256	278.3
984	4.531		2779	35.4	256	278.7
985	3.906		2775	35.4	256	278.2
986	4.031		2774	35.4	256	278.1
987	4.344		2776	35.4	256	278.3
988	4.281		2777	35.4	256	278.3
989	4.188		2776	35.4	256	278.2
990	4.625		2777	35.4	256	278.2
991	4.219		2775	35.4	256	278.0
992	3.625		2774	35.4	256	277.9
993	4.250		2774	35.4	256	277.8
994	4.188		2775	35.4	256	277.8
995	4.281		2773	35.4	256	277.6
996	4.188		2774	35.4	256	277.6
997	4.094		2776	35.4	256	277.8
998	4.312		2773	35.5	256	277.4
999	4.469		2776	35.4	256	277.7
1000	3.984		2776	35.4	256	277.7
1001	4.375	4.520	2777	35.4	256	277.7
Saved checkpoint at step 1000
1002	4.344		6308	15.6	256	630.7
1003	4.031		2762	35.6	256	276.2
1004	4.188		2763	35.6	256	276.2
1005	4.250		2761	35.6	256	275.9
1006	4.156		2763	35.6	256	276.1
1007	4.594		2763	35.6	256	276.0
1008	4.188		2760	35.6	256	275.6
1009	4.031		2767	35.5	256	276.3
1010	4.406		2775	35.4	256	277.0
1011	4.219		2773	35.4	256	276.9
1012	4.281		2774	35.4	256	276.9
1013	4.469		2776	35.4	256	277.0
1014	4.281		2774	35.4	256	276.8
1015	4.344		2777	35.4	256	277.0
1016	4.250		2773	35.4	256	276.6
1017	4.375		2773	35.4	256	276.6
1018	4.312		2811	35.0	256	280.3
1019	3.969		2775	35.4	256	276.7
1020	4.031		2773	35.4	256	276.4
1021	4.250		2775	35.4	256	276.6
1022	4.125		2776	35.4	256	276.6
1023	4.219		2775	35.4	256	276.4
1024	4.219		2774	35.4	256	276.3
1025	4.312		2774	35.4	256	276.3
1026	4.062		2775	35.4	256	276.3
1027	4.188		2777	35.4	256	276.5
1028	4.344		2775	35.4	256	276.2
1029	4.312		2785	35.3	256	277.2
1030	4.156		2775	35.4	256	276.1
1031	4.125		2777	35.4	256	276.3
1032	4.281		2775	35.4	256	276.1
1033	4.031		2776	35.4	256	276.1
1034	4.344		2774	35.4	256	275.8
1035	4.344		2776	35.4	256	276.0
1036	3.766		2779	35.4	256	276.3
1037	4.344		2776	35.4	256	275.9
1038	4.062		2772	35.5	256	275.5
1039	4.188		2776	35.4	256	275.8
1040	4.406		2776	35.4	256	275.8
1041	4.438		2778	35.4	256	275.9
1042	4.375		2776	35.4	256	275.7
1043	4.312		2777	35.4	256	275.8
1044	4.125		2776	35.4	256	275.6
1045	4.125		2776	35.4	256	275.6
1046	4.438		2773	35.4	256	275.3
1047	4.156		2774	35.4	256	275.3
1048	4.406		2777	35.4	256	275.5
1049	4.062		2774	35.4	256	275.1
1050	4.312		2772	35.5	256	274.9
1051	4.344		2777	35.4	256	275.4
1052	4.500		2775	35.4	256	275.1
1053	4.250		2774	35.4	256	275.0
1054	4.219		2775	35.4	256	275.0
1055	4.406		2775	35.4	256	275.0
1056	4.438		2774	35.4	256	274.9
1057	4.156		2775	35.4	256	274.9
1058	4.281		2774	35.4	256	274.8
1059	4.281		2772	35.5	256	274.5
1060	4.625		2777	35.4	256	275.0
1061	4.094		2775	35.4	256	274.7
1062	3.906		2776	35.4	256	274.7
1063	4.406		2773	35.4	256	274.4
1064	4.312		2778	35.4	256	274.9
1065	4.344		2778	35.4	256	274.9
1066	4.094		2776	35.4	256	274.6
1067	4.250		2774	35.4	256	274.3
1068	4.062		2776	35.4	256	274.5
1069	4.750		2774	35.4	256	274.3
1070	4.250		2775	35.4	256	274.3
1071	4.312		2777	35.4	256	274.4
1072	4.375		2774	35.4	256	274.2
1073	4.188		2775	35.4	256	274.2
1074	4.375		2779	35.4	256	274.6
1075	4.188		2776	35.4	256	274.2
1076	4.219		2773	35.4	256	273.9
1077	4.031		2776	35.4	256	274.1
1078	4.344		2776	35.4	256	274.1
1079	4.125		2775	35.4	256	273.8
1080	4.250		2774	35.4	256	273.8
1081	4.500		2774	35.4	256	273.7
1082	4.281		2777	35.4	256	274.0
1083	4.219		2774	35.4	256	273.6
1084	4.125		2773	35.4	256	273.5
1085	4.250		2772	35.5	256	273.4
1086	4.031		2777	35.4	256	273.8
1087	3.984		2776	35.4	256	273.6
1088	4.250		2776	35.4	256	273.6
1089	4.312		2775	35.4	256	273.4
1090	4.406		2776	35.4	256	273.5
1091	4.250		2775	35.4	256	273.3
1092	3.953		2773	35.4	256	273.1
1093	4.281		2774	35.4	256	273.2
1094	4.094		2774	35.4	256	273.1
1095	4.094		2777	35.4	256	273.3
1096	3.953		2775	35.4	256	273.1
1097	3.656		2776	35.4	256	273.2
1098	4.094		2776	35.4	256	273.1
1099	4.188		2777	35.4	256	273.2
1100	4.062		2775	35.4	256	272.9
1101	4.250		2773	35.5	256	272.7
1102	4.062		2773	35.5	256	272.6
1103	3.766		2777	35.4	256	273.0
1104	4.188		2777	35.4	256	272.9
1105	4.594		2777	35.4	256	272.9
1106	4.312		2776	35.4	256	272.8
1107	4.594		2780	35.4	256	273.1
1108	4.062		2776	35.4	256	272.7
1109	4.125		2776	35.4	256	272.6
1110	4.469		2776	35.4	256	272.6
1111	4.219		2773	35.4	256	272.2
1112	3.781		2778	35.4	256	272.7
1113	4.062		2776	35.4	256	272.4
1114	4.031		2773	35.4	256	272.1
1115	4.219		2775	35.4	256	272.2
1116	4.094		2776	35.4	256	272.3
1117	4.156		2777	35.4	256	272.3
1118	4.156		2774	35.4	256	272.0
1119	4.250		2776	35.4	256	272.2
1120	4.562		2781	35.3	256	272.6
1121	4.250		2779	35.4	256	272.3
1122	4.312		2775	35.4	256	271.9
1123	4.125		2775	35.4	256	271.9
1124	4.562		2776	35.4	256	272.0
1125	4.000		2777	35.4	256	272.0
1126	4.438		2777	35.4	256	271.9
1127	4.031		2774	35.4	256	271.6
1128	4.406		2776	35.4	256	271.7
1129	4.219		2776	35.4	256	271.7
1130	4.156		2777	35.4	256	271.7
1131	4.000		2772	35.5	256	271.2
1132	4.219		2776	35.4	256	271.5
1133	4.281		2777	35.4	256	271.6
1134	4.156		2778	35.4	256	271.7
1135	4.031		2776	35.4	256	271.4
1136	4.781		2779	35.4	256	271.6
1137	4.250		2784	35.3	256	272.1
1138	4.250		2775	35.4	256	271.2
1139	4.344		2776	35.4	256	271.2
1140	4.000		2776	35.4	256	271.1
1141	4.094		2774	35.4	256	270.9
1142	3.938		2776	35.4	256	271.0
1143	4.219		2775	35.4	256	271.0
1144	3.938		2775	35.4	256	270.9
1145	4.312		2776	35.4	256	270.9
1146	4.062		2776	35.4	256	270.9
1147	4.094		2777	35.4	256	270.9
1148	4.156		2776	35.4	256	270.8
1149	4.375		2775	35.4	256	270.6
1150	4.219		2775	35.4	256	270.6
1151	4.219		2778	35.4	256	270.8
1152	4.219		2776	35.4	256	270.6
1153	4.312		2776	35.4	256	270.5
1154	4.219		2775	35.4	256	270.5
1155	4.031		2777	35.4	256	270.5
1156	4.062		2778	35.4	256	270.7
1157	4.125		2775	35.4	256	270.3
1158	4.250		2776	35.4	256	270.3
1159	4.281		2775	35.4	256	270.2
1160	4.156		2776	35.4	256	270.2
1161	4.219		2779	35.4	256	270.5
1162	4.094		2776	35.4	256	270.1
1163	4.062		2774	35.4	256	269.9
1164	4.281		2778	35.4	256	270.3
1165	4.312		2779	35.4	256	270.3
1166	4.031		2777	35.4	256	270.1
1167	3.938		2775	35.4	256	269.8
1168	4.469		2872	34.2	512	279.3
1169	4.312		2866	34.3	512	278.6
1170	4.156		2870	34.3	512	278.9
1171	4.281		2877	34.2	512	279.6
1172	4.406		2867	34.3	512	278.5
1173	4.094		2872	34.2	512	279.0
1174	4.094		2879	34.1	512	279.6
1175	4.031		2864	34.3	512	278.1
1176	3.984		2867	34.3	512	278.3
1177	3.844		2876	34.2	512	279.1
1178	4.281		2870	34.3	512	278.5
1179	4.062		2864	34.3	512	277.9
1180	3.922		2869	34.3	512	278.3
1181	3.906		2876	34.2	512	278.9
1182	4.156		2871	34.2	512	278.4
1183	4.094		2871	34.2	512	278.4
1184	4.219		2879	34.2	512	279.1
1185	4.000		2871	34.2	512	278.3
1186	4.062		2861	34.4	512	277.2
1187	3.953		2869	34.3	512	278.0
1188	3.938		2878	34.2	512	278.8
1189	3.844		2882	34.1	512	279.2
1190	3.938		2880	34.1	512	279.0
1191	4.062		2878	34.2	512	278.7
1192	4.438		2896	34.0	512	280.3
1193	3.906		2879	34.2	512	278.6
1194	4.031		2874	34.2	512	278.2
1195	3.984		2869	34.3	512	277.7
1196	3.641		2880	34.1	512	278.7
1197	4.344		2869	34.3	512	277.6
1198	3.922		2879	34.1	512	278.4
1199	3.969		2873	34.2	512	277.8
1200	4.281		2872	34.2	512	277.7
1201	3.875		2879	34.1	512	278.3
1202	3.984		2881	34.1	512	278.4
1203	4.031		2873	34.2	512	277.6
1204	4.031		2884	34.1	512	278.6
1205	4.125		2874	34.2	512	277.6
1206	4.125		2866	34.3	512	276.8
1207	4.281		2880	34.1	512	278.1
1208	3.969		2878	34.2	512	277.8
1209	4.031		2874	34.2	512	277.4
1210	3.797		2881	34.1	512	278.1
1211	4.125		2876	34.2	512	277.5
1212	4.125		2879	34.1	512	277.8
1213	4.188		2893	34.0	512	279.0
1214	3.891		2860	34.4	512	275.8
1215	4.062		2865	34.3	512	276.3
1216	4.188		2880	34.1	512	277.7
1217	3.969		2881	34.1	512	277.8
1218	3.766		2886	34.1	512	278.2
1219	4.062		2884	34.1	512	277.9
1220	3.812		2863	34.3	512	275.8
1221	3.922		2870	34.3	512	276.4
1222	3.906		2871	34.2	512	276.5
1223	3.875		2880	34.1	512	277.3
1224	3.922		2875	34.2	512	276.8
1225	3.938		2880	34.1	512	277.3
1226	3.750		2881	34.1	512	277.3
1227	4.531		2881	34.1	512	277.2
1228	4.188		2873	34.2	512	276.5
1229	3.766		2879	34.1	512	277.0
1230	4.094		2883	34.1	512	277.3
1231	4.000		2875	34.2	512	276.5
1232	4.062		2873	34.2	512	276.2
1233	4.125		2865	34.3	512	275.5
1234	4.188		2875	34.2	512	276.3
1235	4.250		2865	34.3	512	275.4
1236	4.656		2881	34.1	512	276.8
1237	4.031		2885	34.1	512	277.2
1238	4.188		2868	34.3	512	275.4
1239	4.188		2870	34.3	512	275.6
1240	4.125		2877	34.2	512	276.2
1241	4.062		2870	34.3	512	275.5
1242	4.562		2893	34.0	512	277.7
1243	4.688		2885	34.1	512	276.9
1244	4.094		2882	34.1	512	276.5
1245	4.312		2879	34.1	512	276.2
1246	4.344		2869	34.3	512	275.2
1247	4.031		2867	34.3	512	275.0
1248	4.062		2877	34.2	512	275.9
1249	4.219		2888	34.0	512	276.8
1250	4.406		2876	34.2	512	275.7
1251	3.891	4.211	2876	34.2	512	275.6
1252	4.281		2871	34.2	512	275.0
1253	4.031		2875	34.2	512	275.4
1254	4.219		2863	34.3	512	274.3
1255	4.031		2874	34.2	512	275.2
1256	4.500		2874	34.2	512	275.2
1257	4.219		2886	34.1	512	276.3
1258	4.250		2865	34.3	512	274.2
1259	4.375		2865	34.3	512	274.2
1260	4.438		2880	34.1	512	275.5
1261	4.438		2884	34.1	512	275.9
1262	4.219		2873	34.2	512	274.8
1263	4.125		2862	34.3	512	273.7
1264	4.156		2874	34.2	512	274.8
1265	4.281		2870	34.2	512	274.4
1266	4.250		2873	34.2	512	274.6
1267	4.156		2863	34.3	512	273.6
1268	4.062		2868	34.3	512	274.0
1269	4.188		2880	34.1	512	275.1
1270	3.906		2877	34.2	512	274.8
1271	4.219		2864	34.3	512	273.6
1272	4.188		2873	34.2	512	274.4
1273	3.922		2876	34.2	512	274.5
1274	4.156		2867	34.3	512	273.7
1275	4.094		2865	34.3	512	273.4
1276	4.938		2882	34.1	512	275.0
1277	4.125		2863	34.3	512	273.1
1278	4.406		2881	34.1	512	274.8
1279	4.125		2871	34.2	512	273.8
1280	3.984		2878	34.2	512	274.4
1281	4.031		2885	34.1	512	275.0
1282	4.000		2865	34.3	512	273.1
1283	4.281		2872	34.2	512	273.7
1284	3.984		2887	34.1	512	275.1
1285	4.156		2886	34.1	512	274.9
1286	4.094		2881	34.1	512	274.4
1287	4.219		2861	34.4	512	272.5
1288	4.281		2873	34.2	512	273.6
1289	4.094		2884	34.1	512	274.5
1290	3.625		2900	33.9	512	276.1
1291	4.500		2880	34.1	512	274.1
1292	4.844		2892	34.0	512	275.2
1293	4.031		2889	34.0	512	274.8
1294	4.250		2861	34.4	512	272.1
1295	4.375		2890	34.0	512	274.9
1296	4.281		2867	34.3	512	272.6
1297	4.031		2875	34.2	512	273.3
1298	4.344		2877	34.2	512	273.5
1299	4.094		2860	34.4	512	271.8
1300	4.281		2884	34.1	512	274.1
1301	4.062		2875	34.2	512	273.1
1302	4.156		2873	34.2	512	272.9
1303	4.031		2863	34.3	512	271.8
1304	4.594		2870	34.3	512	272.5
1305	4.250		2867	34.3	512	272.2
1306	4.156		2870	34.3	512	272.4
1307	4.281		2869	34.3	512	272.2
1308	4.062		2874	34.2	512	272.7
1309	3.922		2880	34.1	512	273.3
1310	4.156		2872	34.2	512	272.4
1311	4.344		2882	34.1	512	273.3
1312	4.094		2871	34.2	512	272.2
1313	3.875		2874	34.2	512	272.5
1314	4.125		2889	34.0	512	273.9
1315	4.250		2869	34.3	512	271.9
1316	4.281		2880	34.1	512	272.9
1317	4.000		2865	34.3	512	271.4
1318	4.312		2870	34.2	512	271.9
1319	4.219		2872	34.2	512	272.0
1320	4.000		2871	34.2	512	271.9
1321	4.000		2879	34.1	512	272.5
1322	4.188		2863	34.3	512	271.0
1323	3.875		2855	34.4	512	270.2
1324	4.031		2870	34.2	512	271.6
1325	4.281		2863	34.3	512	270.8
1326	4.344		2879	34.1	512	272.3
1327	4.188		2870	34.3	512	271.4
1328	4.156		2863	34.3	512	270.7
1329	3.641		2888	34.0	512	273.0
1330	4.156		2866	34.3	512	270.8
1331	4.281		2850	34.5	512	269.4
1332	4.125		2868	34.3	512	271.0
1333	3.875		2856	34.4	512	269.8
1334	4.156		2864	34.3	512	270.5
1335	4.250		2870	34.2	512	271.0
1336	4.188		2859	34.4	512	269.9
1337	4.500		2886	34.1	512	272.5
1338	4.156		2867	34.3	512	270.6
1339	3.984		2870	34.3	512	270.8
1340	4.188		2873	34.2	512	271.1
1341	4.094		2878	34.2	512	271.5
1342	4.156		2883	34.1	512	272.0
1343	4.125		2863	34.3	512	269.9
1344	4.188		2873	34.2	512	270.8
1345	4.062		2868	34.3	512	270.3
1346	4.250		2885	34.1	512	271.9
1347	3.953		2862	34.4	512	269.7
1348	3.938		2872	34.2	512	270.6
1349	4.094		2867	34.3	512	270.1
1350	3.938		2880	34.1	512	271.3
1351	4.250		2870	34.3	512	270.3
1352	3.984		2857	34.4	512	269.0
1353	4.188		2868	34.3	512	270.0
1354	4.156		2865	34.3	512	269.7
1355	4.125		2869	34.3	512	269.9
1356	4.250		2876	34.2	512	270.6
1357	4.000		2859	34.4	512	268.9
1358	4.500		2882	34.1	512	271.1
1359	3.938		2866	34.3	512	269.5
1360	3.984		2870	34.3	512	269.8
1361	3.906		2860	34.4	512	268.8
1362	4.281		2855	34.4	512	268.3
1363	3.953		2871	34.2	512	269.8
1364	4.125		2860	34.4	512	268.7
1365	4.062		2860	34.4	512	268.7
1366	4.156		2855	34.4	512	268.1
1367	4.062		2867	34.3	512	269.3
1368	4.281		2882	34.1	512	270.6
1369	4.062		2867	34.3	512	269.1
1370	3.906		2885	34.1	512	270.7
1371	4.031		2860	34.4	512	268.3
1372	4.094		2869	34.3	512	269.2
1373	4.281		2881	34.1	512	270.2
1374	3.953		2879	34.1	512	270.0
1375	3.891		2868	34.3	512	268.9
1376	4.125		2868	34.3	512	268.8
1377	3.859		2872	34.2	512	269.2
1378	4.125		2874	34.2	512	269.3
1379	4.062		2875	34.2	512	269.4
1380	4.000		2871	34.2	512	269.0
1381	3.984		2861	34.4	512	267.9
1382	4.000		2862	34.4	512	268.0
1383	3.969		2877	34.2	512	269.4
1384	4.062		2872	34.2	512	268.8
1385	4.062		2871	34.2	512	268.7
1386	3.953		2868	34.3	512	268.4
1387	4.156		2867	34.3	512	268.2
1388	4.188		2888	34.0	512	270.2
1389	4.250		2881	34.1	512	269.5
1390	4.031		2854	34.4	512	266.9
1391	3.984		2863	34.3	512	267.7
1392	4.219		2867	34.3	512	268.0
1393	3.953		2888	34.0	512	269.9
1394	3.891		2864	34.3	512	267.7
1395	4.062		2863	34.3	512	267.5
1396	4.312		2884	34.1	512	269.4
1397	4.125		2876	34.2	512	268.6
1398	4.062		2869	34.3	512	267.9
1399	4.031		2869	34.3	512	267.8
1400	3.875		2872	34.2	512	268.1
1401	4.281		2875	34.2	512	268.3
1402	3.938		2858	34.4	512	266.7
1403	4.094		2879	34.1	512	268.6
1404	4.062		2874	34.2	512	268.1
1405	4.219		2861	34.4	512	266.9
1406	3.969		2874	34.2	512	268.0
1407	3.953		2882	34.1	512	268.7
1408	4.219		2875	34.2	512	268.0
1409	4.031		2874	34.2	512	267.9
1410	4.125		2874	34.2	512	267.8
1411	4.062		2884	34.1	512	268.7
1412	3.984		2870	34.3	512	267.3
1413	3.859		2876	34.2	512	267.9
1414	4.062		2878	34.2	512	268.0
1415	4.062		2873	34.2	512	267.4
1416	4.062		2869	34.3	512	267.1
1417	3.906		2871	34.2	512	267.2
1418	3.984		2872	34.2	512	267.3
1419	4.031		2862	34.3	512	266.3
1420	3.969		2867	34.3	512	266.7
1421	4.281		2868	34.3	512	266.7
1422	4.094		2876	34.2	512	267.4
1423	3.953		2868	34.3	512	266.6
1424	4.000		2876	34.2	512	267.4
1425	4.000		2875	34.2	512	267.2
1426	4.250		2871	34.2	512	266.8
1427	3.891		2876	34.2	512	267.2
1428	3.938		2875	34.2	512	267.0
1429	3.797		2876	34.2	512	267.1
1430	4.312		2880	34.1	512	267.4
1431	3.953		2869	34.3	512	266.4
1432	3.938		2869	34.3	512	266.3
1433	3.859		2886	34.1	512	267.8
1434	3.703		2882	34.1	512	267.4
1435	3.953		2873	34.2	512	266.6
1436	4.125		2874	34.2	512	266.5
1437	4.156		2865	34.3	512	265.7
1438	3.828		2887	34.1	512	267.7
1439	3.969		2863	34.3	512	265.4
1440	3.953		2878	34.2	512	266.8
1441	3.859		2864	34.3	512	265.4
1442	3.844		2873	34.2	512	266.2
1443	4.500		2895	34.0	512	268.2
1444	3.688		2870	34.2	512	265.9
1445	4.062		2866	34.3	512	265.4
1446	3.953		2879	34.1	512	266.5
1447	3.828		2903	33.9	512	268.7
1448	4.125		2885	34.1	512	267.0
1449	3.812		2870	34.3	512	265.6
1450	4.094		2880	34.1	512	266.5
1451	3.984		2878	34.2	512	266.3
1452	4.000		2882	34.1	512	266.6
1453	3.906		2869	34.3	512	265.3
1454	4.188		2866	34.3	512	265.0
1455	3.906		2875	34.2	512	265.7
1456	3.875		2871	34.2	512	265.3
1457	4.406		2890	34.0	512	267.0
1458	3.922		2883	34.1	512	266.3
1459	3.828		2868	34.3	512	264.9
1460	4.281		2879	34.1	512	265.9
1461	4.031		2869	34.3	512	264.9
1462	4.375		2871	34.2	512	265.1
1463	3.797		2879	34.1	512	265.7
1464	3.984		2873	34.2	512	265.1
1465	4.000		2871	34.2	512	264.9
1466	4.031		2876	34.2	512	265.3
1467	3.844		2870	34.3	512	264.7
1468	3.953		2886	34.1	512	266.1
1469	4.406		2875	34.2	512	265.1
1470	4.031		2869	34.3	512	264.5
1471	3.641		2869	34.3	512	264.4
1472	4.031		2862	34.4	512	263.7
1473	3.781		2874	34.2	512	264.8
1474	4.094		2877	34.2	512	265.0
1475	4.000		2882	34.1	512	265.4
1476	3.969		2876	34.2	512	264.8
1477	4.125		2886	34.1	512	265.7
1478	3.812		2861	34.4	512	263.3
1479	3.797		2869	34.3	512	264.1
1480	4.094		2875	34.2	512	264.5
1481	4.000		2868	34.3	512	263.9
1482	3.828		2870	34.2	512	264.0
1483	4.156		2870	34.3	512	264.0
1484	4.062		2878	34.2	512	264.7
1485	4.031		2876	34.2	512	264.4
1486	4.938		2883	34.1	512	265.0
1487	4.094		2885	34.1	512	265.1
1488	4.250		2872	34.2	512	263.9
1489	4.031		2867	34.3	512	263.4
1490	4.406		2872	34.2	512	263.7
1491	4.281		2884	34.1	512	264.8
1492	4.469		2889	34.0	512	265.3
1493	4.406		2881	34.1	512	264.5
1494	4.125		2876	34.2	512	263.9
1495	4.250		2868	34.3	512	263.2
1496	4.031		2886	34.1	512	264.8
1497	4.219		2864	34.3	512	262.7
1498	4.219		2887	34.1	512	264.8
1499	4.219		2878	34.2	512	263.9
1500	4.125		2885	34.1	512	264.5
1501	4.125	4.170	2871	34.2	512	263.1
Saved checkpoint at step 1500
1502	4.031		5781	17.0	512	529.8
1503	4.125		2855	34.4	512	261.6
1504	4.000		2858	34.4	512	261.8
1505	4.125		2853	34.5	512	261.4
1506	4.250		2852	34.5	512	261.2
1507	4.156		2872	34.2	512	263.0
1508	4.156		2868	34.3	512	262.5
1509	3.781		2877	34.2	512	263.3
1510	4.469		2871	34.2	512	262.7
1511	4.000		2859	34.4	512	261.6
1512	3.953		2874	34.2	512	262.9
1513	3.969		2864	34.3	512	261.9
1514	3.969		2874	34.2	512	262.8
1515	4.156		2879	34.1	512	263.3
1516	4.031		2878	34.2	512	263.1
1517	4.469		2882	34.1	512	263.5
1518	4.281		2872	34.2	512	262.5
1519	4.000		2863	34.3	512	261.6
1520	4.031		2871	34.2	512	262.3
1521	4.188		2881	34.1	512	263.1
1522	3.906		2863	34.3	512	261.5
1523	4.125		2881	34.1	512	263.0
1524	4.062		2882	34.1	512	263.1
1525	3.844		2911	33.8	512	265.7
1526	4.156		2872	34.2	512	262.1
1527	3.828		2876	34.2	512	262.4
1528	4.125		2866	34.3	512	261.5
1529	3.984		2860	34.4	512	260.8
1530	4.156		2874	34.2	512	262.1
1531	4.375		2888	34.0	512	263.3
1532	4.156		2872	34.2	512	261.8
1533	4.156		2879	34.1	512	262.4
1534	4.156		2867	34.3	512	261.2
1535	4.062		2864	34.3	512	260.9
1536	4.188		2881	34.1	512	262.4
1537	4.125		2879	34.1	512	262.2
1538	4.000		2890	34.0	512	263.1
1539	4.406		2874	34.2	512	261.6
1540	4.031		2879	34.2	512	262.0
1541	4.250		2871	34.2	512	261.3
1542	4.188		2873	34.2	512	261.4
1543	4.156		2873	34.2	512	261.4
1544	4.250		2870	34.3	512	261.0
1545	4.125		2859	34.4	512	259.9
1546	4.125		2884	34.1	512	262.2
1547	4.062		2874	34.2	512	261.3
1548	4.375		2873	34.2	512	261.1
1549	3.906		2873	34.2	512	261.1
1550	3.953		2867	34.3	512	260.5
1551	4.250		2876	34.2	512	261.2
1552	4.125		2867	34.3	512	260.3
1553	4.000		2875	34.2	512	261.1
1554	4.094		2883	34.1	512	261.7
1555	4.094		2863	34.3	512	259.9
1556	4.062		2875	34.2	512	260.9
1557	4.031		2855	34.4	512	259.0
1558	4.125		2868	34.3	512	260.2
1559	4.031		2855	34.4	512	258.9
1560	4.156		2872	34.2	512	260.4
1561	4.250		2862	34.3	512	259.5
1562	4.219		2881	34.1	512	261.2
1563	3.688		2880	34.1	512	261.0
1564	4.000		2868	34.3	512	259.9
1565	4.062		2864	34.3	512	259.4
1566	4.281		2865	34.3	512	259.5
1567	4.156		2878	34.2	512	260.7
1568	4.031		2868	34.3	512	259.7
1569	4.000		2874	34.2	512	260.2
1570	3.844		2876	34.2	512	260.3
1571	4.250		2880	34.1	512	260.7
1572	3.938		2872	34.2	512	259.9
1573	3.938		2875	34.2	512	260.1
1574	4.438		2878	34.2	512	260.3
1575	3.844		2876	34.2	512	260.1
1576	3.906		2884	34.1	512	260.7
1577	4.156		2881	34.1	512	260.5
1578	4.188		2885	34.1	512	260.7
1579	4.094		2880	34.1	512	260.2
1580	4.031		2870	34.3	512	259.3
1581	4.219		2868	34.3	512	259.1
1582	4.031		2877	34.2	512	259.8
1583	4.125		2863	34.3	512	258.5
1584	4.156		2856	34.4	512	257.9
1585	3.938		2851	34.5	512	257.4
1586	4.062		2874	34.2	512	259.4
1587	4.094		2869	34.3	512	258.9
1588	4.281		2879	34.1	512	259.7
1589	4.281		2879	34.1	512	259.7
1590	4.125		2863	34.3	512	258.2
1591	3.984		2865	34.3	512	258.4
1592	4.031		2882	34.1	512	259.8
1593	4.281		2889	34.0	512	260.4
1594	4.219		2869	34.3	512	258.6
1595	4.156		2863	34.3	512	257.9
1596	3.969		2880	34.1	512	259.4
1597	3.906		2872	34.2	512	258.7
1598	4.000		2867	34.3	512	258.2
1599	4.125		2879	34.1	512	259.2
1600	4.250		2880	34.1	512	259.2
1601	4.000		2854	34.4	512	256.9
1602	4.031		2874	34.2	512	258.6
1603	4.031		2875	34.2	512	258.7
1604	4.188		2877	34.2	512	258.8
1605	4.656		2900	33.9	512	260.8
1606	3.891		2889	34.0	512	259.7
1607	3.938		2888	34.0	512	259.6
1608	4.062		2880	34.1	512	258.8
1609	4.000		2876	34.2	512	258.4
1610	3.844		2874	34.2	512	258.2
1611	4.062		2865	34.3	512	257.4
1612	3.922		2857	34.4	512	256.6
1613	4.156		2895	34.0	512	260.0
1614	4.031		2867	34.3	512	257.4
1615	4.219		2886	34.1	512	259.1
1616	4.031		2867	34.3	512	257.3
1617	4.219		2875	34.2	512	258.0
1618	3.688		2863	34.3	512	256.9
1619	4.250		2860	34.4	512	256.6
1620	4.125		2877	34.2	512	258.0
1621	4.406		2876	34.2	512	257.9
1622	4.188		2861	34.4	512	256.5
1623	3.984		2867	34.3	512	257.0
1624	4.156		2877	34.2	512	257.9
1625	4.094		2870	34.3	512	257.1
1626	3.875		2861	34.4	512	256.3
1627	4.062		2869	34.3	512	256.9
1628	4.156		2875	34.2	512	257.5
1629	4.031		2881	34.1	512	258.0
1630	3.734		2865	34.3	512	256.4
1631	3.953		2867	34.3	512	256.6
1632	3.969		2875	34.2	512	257.3
1633	4.062		2877	34.2	512	257.4
1634	4.125		2885	34.1	512	258.0
1635	4.188		2876	34.2	512	257.2
1636	3.859		2868	34.3	512	256.5
1637	4.062		2872	34.2	512	256.8
1638	4.000		2866	34.3	512	256.2
1639	3.922		2863	34.3	512	255.9
1640	3.750		2880	34.1	512	257.3
1641	4.062		2866	34.3	512	256.0
1642	3.797		2874	34.2	512	256.7
1643	3.906		2868	34.3	512	256.1
1644	3.812		2871	34.2	512	256.3
1645	3.594		2872	34.2	512	256.4
1646	4.250		2885	34.1	512	257.5
1647	3.984		2891	34.0	512	258.0
1648	3.922		2883	34.1	512	257.2
1649	4.000		2875	34.2	512	256.4
1650	4.500		2887	34.0	512	257.5
1651	3.797		2869	34.3	512	255.8
1652	4.094		2867	34.3	512	255.6
1653	3.672		2871	34.2	512	255.9
1654	4.219		2878	34.2	512	256.5
1655	4.094		2874	34.2	512	256.1
1656	3.906		2861	34.4	512	254.9
1657	4.094		2873	34.2	512	255.9
1658	4.062		2881	34.1	512	256.5
1659	4.000		2863	34.3	512	254.9
1660	3.984		2866	34.3	512	255.1
1661	4.219		2872	34.2	512	255.6
1662	3.906		2869	34.3	512	255.3
1663	3.609		2868	34.3	512	255.2
1664	4.094		2866	34.3	512	254.9
1665	4.125		2864	34.3	512	254.7
1666	4.031		2862	34.3	512	254.5
1667	3.812		2870	34.2	512	255.2
1668	4.031		2872	34.2	512	255.3
1669	3.859		2873	34.2	512	255.3
1670	3.656		2873	34.2	512	255.2
1671	3.516		2898	33.9	512	257.5
1672	3.922		2873	34.2	512	255.2
1673	3.875		2870	34.3	512	254.8
1674	3.938		2867	34.3	512	254.6
1675	3.812		2864	34.3	512	254.3
1676	3.906		2879	34.1	512	255.5
1677	3.609		2874	34.2	512	255.0
1678	3.797		2861	34.4	512	253.8
1679	4.094		2873	34.2	512	254.8
1680	4.094		2878	34.2	512	255.2
1681	4.031		2872	34.2	512	254.6
1682	3.797		2874	34.2	512	254.8
1683	4.062		2871	34.2	512	254.5
1684	3.922		2881	34.1	512	255.3
1685	3.891		2870	34.3	512	254.3
1686	3.641		2871	34.2	512	254.3
1687	4.000		2876	34.2	512	254.7
1688	3.922		2867	34.3	512	253.9
1689	3.938		2873	34.2	512	254.4
1690	4.094		2873	34.2	512	254.3
1691	4.062		2903	33.9	512	256.9
1692	3.844		2893	34.0	512	255.9
1693	3.688		2929	33.6	512	259.1
1694	3.922		2896	33.9	512	256.1
1695	3.812		2871	34.2	512	253.9
1696	3.969		2886	34.1	512	255.2
1697	3.641		2876	34.2	512	254.2
1698	3.953		2887	34.0	512	255.2
1699	3.703		2903	33.9	512	256.5
1700	3.719		2891	34.0	512	255.4
1701	4.219		2897	33.9	512	255.9
1702	3.906		2882	34.1	512	254.5
1703	3.734		2875	34.2	512	253.9
1704	3.891		2888	34.0	512	255.0
1705	4.125		2883	34.1	512	254.5
1706	3.797		2885	34.1	512	254.6
1707	3.922		2893	34.0	512	255.3
1708	3.797		2874	34.2	512	253.5
1709	3.656		2881	34.1	512	254.1
1710	3.641		2869	34.3	512	253.0
1711	3.812		2884	34.1	512	254.2
1712	3.844		2875	34.2	512	253.4
1713	3.656		2885	34.1	512	254.3
1714	3.531		2892	34.0	512	254.9
1715	3.781		2875	34.2	512	253.3
1716	4.594		2876	34.2	512	253.3
1717	3.844		2881	34.1	512	253.7
1718	3.891		2876	34.2	512	253.2
1719	3.734		2877	34.2	512	253.3
1720	3.938		2878	34.2	512	253.3
1721	4.156		2882	34.1	512	253.6
1722	3.750		2868	34.3	512	252.4
1723	3.828		2888	34.0	512	254.0
1724	3.797		2875	34.2	512	252.9
1725	3.891		2870	34.3	512	252.3
1726	4.125		2871	34.2	512	252.4
1727	4.031		2869	34.3	512	252.2
1728	3.703		2894	34.0	512	254.4
1729	4.188		2884	34.1	512	253.4
1730	4.188		2859	34.4	512	251.2
1731	4.188		2858	34.4	512	251.0
1732	4.125		2867	34.3	512	251.8
1733	4.094		2900	33.9	512	254.6
1734	3.859		2881	34.1	512	252.9
1735	4.031		2890	34.0	512	253.6
1736	4.000		2884	34.1	512	253.1
1737	4.406		2877	34.2	512	252.4
1738	4.031		2877	34.2	512	252.3
1739	4.188		2874	34.2	512	252.1
1740	4.125		2881	34.1	512	252.6
1741	4.000		2869	34.3	512	251.5
1742	4.062		2867	34.3	512	251.3
1743	4.062		2883	34.1	512	252.6
1744	4.031		2876	34.2	512	251.9
1745	4.125		2876	34.2	512	251.9
1746	3.922		2917	33.7	512	255.5
1747	4.156		2872	34.2	512	251.5
1748	4.031		2872	34.2	512	251.5
1749	3.844		2878	34.2	512	252.0
1750	4.000		2873	34.2	512	251.5
1751	4.031	4.242	2878	34.2	512	251.8
1752	4.031		2883	34.1	512	252.2
1753	4.375		2890	34.0	512	252.8
1754	4.156		2887	34.0	512	252.5
1755	4.125		2875	34.2	512	251.4
1756	4.094		2886	34.1	512	252.3
1757	3.953		2860	34.4	512	249.9
1758	4.031		2883	34.1	512	252.0
1759	4.156		2872	34.2	512	250.9
1760	4.188		2891	34.0	512	252.6
1761	4.156		2899	33.9	512	253.2
1762	4.219		2886	34.1	512	252.0
1763	4.188		2877	34.2	512	251.2
1764	3.719		2901	33.9	512	253.2
1765	4.000		2873	34.2	512	250.7
1766	3.969		2888	34.0	512	252.0
1767	3.922		2873	34.2	512	250.6
1768	4.062		2881	34.1	512	251.3
1769	3.984		2875	34.2	512	250.7
1770	4.281		2874	34.2	512	250.5
1771	3.969		2884	34.1	512	251.4
1772	3.844		2877	34.2	512	250.7
1773	4.000		2866	34.3	512	249.7
1774	4.531		2891	34.0	512	251.9
1775	4.281		2868	34.3	512	249.8
1776	4.406		2868	34.3	512	249.7
1777	3.797		2886	34.1	512	251.3
1778	4.094		2865	34.3	512	249.4
1779	4.125		2890	34.0	512	251.5
1780	4.062		2876	34.2	512	250.3
1781	4.125		2877	34.2	512	250.3
1782	3.953		2899	33.9	512	252.2
1783	4.031		2879	34.1	512	250.4
1784	4.656		2881	34.1	512	250.5
1785	4.156		2870	34.3	512	249.5
1786	3.875		2877	34.2	512	250.0
1787	4.094		2876	34.2	512	249.9
1788	3.938		2896	33.9	512	251.6
1789	3.984		2876	34.2	512	249.8
1790	4.125		2868	34.3	512	249.1
1791	4.031		2861	34.4	512	248.4
1792	4.188		2888	34.0	512	250.7
1793	4.031		2874	34.2	512	249.5
1794	4.094		2875	34.2	512	249.5
1795	4.031		2886	34.1	512	250.4
1796	4.188		2868	34.3	512	248.8
1797	4.062		2860	34.4	512	248.1
1798	3.938		2874	34.2	512	249.3
1799	4.062		2865	34.3	512	248.4
1800	4.062		2862	34.4	512	248.0
1801	4.188		2880	34.1	512	249.6
1802	4.094		2877	34.2	512	249.3
1803	4.688		2885	34.1	512	250.0
1804	4.062		2868	34.3	512	248.4
1805	3.969		2866	34.3	512	248.2
1806	4.125		2878	34.2	512	249.2
1807	4.531		2875	34.2	512	248.9
1808	3.922		2865	34.3	512	248.0
1809	3.922		2869	34.3	512	248.3
1810	4.000		2876	34.2	512	248.9
1811	4.094		2860	34.4	512	247.4
1812	4.062		2874	34.2	512	248.6
1813	3.938		2857	34.4	512	247.0
1814	3.828		2873	34.2	512	248.4
1815	3.953		2883	34.1	512	249.2
1816	4.062		2876	34.2	512	248.5
1817	4.438		2891	34.0	512	249.8
1818	4.344		2861	34.4	512	247.2
1819	4.125		2862	34.4	512	247.1
1820	4.000		2866	34.3	512	247.5
1821	4.344		2867	34.3	512	247.5
1822	3.984		2874	34.2	512	248.0
1823	3.594		2879	34.1	512	248.4
1824	4.250		2871	34.2	512	247.7
1825	4.156		2895	34.0	512	249.7
1826	4.688		2894	34.0	512	249.6
1827	4.156		2875	34.2	512	247.9
1828	4.031		2855	34.4	512	246.2
1829	4.438		2891	34.0	512	249.2
1830	3.969		2881	34.1	512	248.3
1831	4.125		2872	34.2	512	247.4
1832	4.062		2872	34.2	512	247.4
1833	4.031		2882	34.1	512	248.2
1834	3.922		2881	34.1	512	248.1
1835	3.547		2885	34.1	512	248.4
1836	4.062		2874	34.2	512	247.4
1837	4.031		2878	34.2	512	247.7
1838	3.969		2862	34.4	512	246.2
1839	4.125		2888	34.0	512	248.5
1840	4.219		2868	34.3	512	246.7
1841	3.969		2879	34.1	512	247.6
1842	4.062		2876	34.2	512	247.3
1843	3.766		2872	34.2	512	246.9
1844	3.969		2861	34.4	512	245.9
1845	3.594		2879	34.1	512	247.4
1846	4.031		2869	34.3	512	246.5
1847	3.891		2876	34.2	512	247.0
1848	3.906		2884	34.1	512	247.7
1849	3.922		2872	34.2	512	246.6
1850	3.922		2860	34.4	512	245.6
1851	4.000		2869	34.3	512	246.3
1852	3.953		2866	34.3	512	246.0
1853	3.984		2887	34.1	512	247.7
1854	4.312		2900	33.9	512	248.8
1855	4.250		2880	34.1	512	247.0
1856	4.219		2875	34.2	512	246.5
1857	4.188		2860	34.4	512	245.2
1858	3.891		2867	34.3	512	245.8
1859	3.859		2864	34.3	512	245.4
1860	3.859		2872	34.2	512	246.1
1861	3.922		2864	34.3	512	245.4
1862	3.938		2867	34.3	512	245.6
1863	4.125		2870	34.3	512	245.8
1864	3.641		2863	34.3	512	245.1
1865	3.953		2872	34.2	512	245.8
1866	3.531		2877	34.2	512	246.2
1867	3.953		2886	34.1	512	246.9
1868	4.219		2868	34.3	512	245.3
1869	4.250		2881	34.1	512	246.5
1870	3.781		2880	34.1	512	246.3
1871	3.875		2856	34.4	512	244.2
1872	3.734		2884	34.1	512	246.6
1873	3.953		2863	34.3	512	244.7
1874	3.984		2877	34.2	512	245.9
1875	4.250		2875	34.2	512	245.6
1876	3.797		2873	34.2	512	245.4
1877	3.969		2870	34.3	512	245.1
1878	4.188		2883	34.1	512	246.1
1879	3.891		2870	34.3	512	245.0
1880	4.031		2877	34.2	512	245.5
1881	3.922		2871	34.2	512	245.0
1882	4.125		2876	34.2	512	245.4
1883	3.859		2865	34.3	512	244.4
1884	3.734		2874	34.2	512	245.1
1885	4.156		2884	34.1	512	245.9
1886	3.672		2867	34.3	512	244.4
1887	4.094		2860	34.4	512	243.7
1888	4.219		2870	34.3	512	244.6
1889	3.984		2874	34.2	512	244.9
1890	3.844		2871	34.2	512	244.5
1891	4.188		2883	34.1	512	245.5
1892	4.094		2885	34.1	512	245.6
1893	3.781		2880	34.1	512	245.2
1894	3.797		2878	34.2	512	244.9
1895	4.031		2878	34.2	512	244.9
1896	4.094		2870	34.3	512	244.2
1897	3.797		2869	34.3	512	244.1
1898	3.938		2864	34.3	512	243.6
1899	3.906		2875	34.2	512	244.5
1900	4.125		2864	34.3	512	243.5
1901	3.922		2859	34.4	512	243.0
1902	3.797		2865	34.3	512	243.5
1903	3.766		2874	34.2	512	244.2
1904	3.891		2868	34.3	512	243.7
1905	3.828		2858	34.4	512	242.7
1906	4.000		2875	34.2	512	244.1
1907	4.062		2876	34.2	512	244.2
1908	3.953		2865	34.3	512	243.2
1909	4.062		2869	34.3	512	243.5
1910	4.250		2870	34.2	512	243.6
1911	3.984		2860	34.4	512	242.6
1912	3.922		2870	34.2	512	243.4
1913	3.969		2871	34.2	512	243.4
1914	4.031		2889	34.0	512	244.9
1915	4.312		2869	34.3	512	243.2
1916	3.812		2878	34.2	512	243.9
1917	4.094		2872	34.2	512	243.3
1918	3.578		2876	34.2	512	243.7
1919	3.906		2892	34.0	512	244.9
1920	3.984		2875	34.2	512	243.5
1921	3.734		2871	34.2	512	243.1
1922	3.750		2877	34.2	512	243.5
1923	3.922		2889	34.0	512	244.5
1924	4.062		2879	34.2	512	243.6
1925	4.031		2875	34.2	512	243.2
1926	3.781		2881	34.1	512	243.7
1927	3.922		2884	34.1	512	243.9
1928	3.938		2875	34.2	512	243.1
1929	4.031		2875	34.2	512	243.0
1930	3.953		2884	34.1	512	243.8
1931	3.609		2876	34.2	512	243.1
1932	3.828		2875	34.2	512	242.9
1933	4.062		2885	34.1	512	243.7
1934	3.734		2885	34.1	512	243.7
1935	3.719		2878	34.2	512	243.0
1936	4.312		2877	34.2	512	242.9
1937	3.562		2866	34.3	512	241.9
1938	3.766		2876	34.2	512	242.7
1939	3.859		2876	34.2	512	242.6
1940	3.797		2876	34.2	512	242.6
1941	3.844		2876	34.2	512	242.5
1942	3.938		2883	34.1	512	243.1
1943	4.000		2884	34.1	512	243.1
1944	3.844		2879	34.2	512	242.6
1945	4.125		2885	34.1	512	243.1
1946	3.875		2884	34.1	512	243.0
1947	3.969		2877	34.2	512	242.4
1948	4.312		2878	34.2	512	242.4
1949	3.703		2864	34.3	512	241.2
1950	4.000		2878	34.2	512	242.3
1951	4.250		2878	34.2	512	242.2
1952	3.656		2881	34.1	512	242.5
1953	4.062		2864	34.3	512	241.0
1954	3.516		2866	34.3	512	241.1
1955	3.828		2878	34.2	512	242.0
1956	3.906		2868	34.3	512	241.1
1957	4.062		2873	34.2	512	241.5
1958	3.953		2879	34.2	512	241.9
1959	4.094		2885	34.1	512	242.4
1960	3.984		2885	34.1	512	242.4
1961	3.719		2877	34.2	512	241.7
1962	4.156		2872	34.2	512	241.2
1963	3.938		2880	34.1	512	241.8
1964	3.797		2876	34.2	512	241.4
1965	3.781		2874	34.2	512	241.2
1966	5.156		2902	33.9	512	243.5
1967	3.797		2878	34.2	512	241.5
1968	3.766		2866	34.3	512	240.4
1969	3.781		2874	34.2	512	241.1
1970	3.906		2879	34.1	512	241.4
1971	3.953		2882	34.1	512	241.6
1972	3.734		2881	34.1	512	241.5
1973	4.062		2869	34.3	512	240.4
1974	3.922		2871	34.2	512	240.5
1975	3.641		2872	34.2	512	240.6
1976	3.703		2873	34.2	512	240.6
1977	3.719		2867	34.3	512	240.1
1978	3.844		2871	34.2	512	240.4
1979	3.859		2872	34.2	512	240.4
1980	3.703		2872	34.2	512	240.3
1981	4.000		2903	33.9	512	242.9
1982	4.031		2871	34.2	512	240.1
1983	3.969		2866	34.3	512	239.7
1984	4.031		2874	34.2	512	240.3
1985	4.156		2860	34.4	512	239.1
1986	4.031		2878	34.2	512	240.5
1987	4.156		2877	34.2	512	240.5
1988	4.125		2888	34.0	512	241.3
1989	4.156		2878	34.2	512	240.4
1990	4.094		2873	34.2	512	239.9
1991	4.062		2876	34.2	512	240.1
1992	3.953		2861	34.4	512	238.9
1993	3.844		2865	34.3	512	239.1
1994	3.953		2881	34.1	512	240.4
1995	3.969		2873	34.2	512	239.7
1996	3.922		2859	34.4	512	238.5
1997	4.000		2877	34.2	512	239.9
1998	3.922		2864	34.3	512	238.8
1999	3.984		2879	34.1	512	240.0
2000	3.156		2897	33.9	512	241.5
2001	4.125	4.111	2875	34.2	512	239.6
Saved checkpoint at step 2000
2002	3.984		5624	17.5	512	468.6
2003	3.562		2886	34.1	512	240.4
2004	4.031		2874	34.2	512	239.3
2005	4.188		2881	34.1	512	239.9
2006	3.953		2876	34.2	512	239.4
2007	4.219		2865	34.3	512	238.4
2008	4.031		2851	34.5	512	237.3
2009	4.000		2876	34.2	512	239.3
2010	4.156		2882	34.1	512	239.7
2011	3.969		2886	34.1	512	240.0
2012	4.125		2887	34.1	512	240.1
2013	3.938		2877	34.2	512	239.2
2014	4.094		2863	34.3	512	238.0
2015	4.375		2883	34.1	512	239.6
2016	4.031		2874	34.2	512	238.8
2017	4.375		2890	34.0	512	240.1
2018	3.812		2885	34.1	512	239.6
2019	3.891		2864	34.3	512	237.8
2020	4.250		2886	34.1	512	239.6
2021	3.859		2863	34.3	512	237.6
2022	4.281		2872	34.2	512	238.4
2023	3.828		2866	34.3	512	237.8
2024	4.062		2860	34.4	512	237.2
2025	3.812		2869	34.3	512	238.0
2026	4.000		2867	34.3	512	237.7
2027	4.094		2877	34.2	512	238.5
2028	4.062		2862	34.3	512	237.2
2029	4.031		2865	34.3	512	237.4
2030	3.875		2876	34.2	512	238.3
2031	4.062		2874	34.2	512	238.1
2032	4.125		2879	34.1	512	238.5
2033	4.156		2886	34.1	512	239.0
2034	3.938		2874	34.2	512	238.0
2035	3.984		2853	34.5	512	236.1
2036	4.406		2889	34.0	512	239.1
2037	3.875		2879	34.1	512	238.2
2038	3.953		2880	34.1	512	238.2
2039	4.000		2868	34.3	512	237.2
2040	3.922		2858	34.4	512	236.3
2041	3.969		2862	34.3	512	236.6
2042	3.688		2875	34.2	512	237.6
2043	4.062		2869	34.3	512	237.1
2044	3.938		2862	34.3	512	236.5
2045	3.969		2861	34.4	512	236.3
2046	4.188		2876	34.2	512	237.5
2047	4.094		2876	34.2	512	237.5
2048	4.094		2856	34.4	512	235.8
2049	3.703		2870	34.3	512	236.9
2050	4.375		2875	34.2	512	237.2
2051	3.812		2868	34.3	512	236.6
2052	4.000		2871	34.2	512	236.8
2053	3.688		2868	34.3	512	236.5
2054	4.000		2867	34.3	512	236.4
2055	3.703		2861	34.4	512	235.8
2056	3.797		2867	34.3	512	236.3
2057	3.859		2858	34.4	512	235.5
2058	4.094		2904	33.9	512	239.2
2059	3.875		2871	34.2	512	236.4
2060	4.000		2864	34.3	512	235.8
2061	4.062		2858	34.4	512	235.3
2062	3.938		2888	34.0	512	237.7
2063	4.062		2874	34.2	512	236.5
2064	4.125		2869	34.3	512	236.1
2065	4.281		2884	34.1	512	237.3
2066	4.031		2876	34.2	512	236.6
2067	3.922		2880	34.1	512	236.8
2068	3.922		2875	34.2	512	236.4
2069	4.031		2878	34.2	512	236.6
2070	3.578		2879	34.1	512	236.6
2071	4.031		2871	34.2	512	235.9
2072	3.891		2860	34.4	512	235.0
2073	3.953		2864	34.3	512	235.3
2074	4.188		2872	34.2	512	235.8
2075	4.062		2863	34.3	512	235.0
2076	4.031		2860	34.4	512	234.7
2077	4.000		2860	34.4	512	234.7
2078	3.875		2877	34.2	512	236.1
2079	3.609		2874	34.2	512	235.8
2080	4.281		2866	34.3	512	235.1
2081	4.125		2862	34.4	512	234.6
2082	3.812		2857	34.4	512	234.2
2083	3.891		2873	34.2	512	235.5
2084	3.891		2873	34.2	512	235.4
2085	4.031		2873	34.2	512	235.4
2086	4.031		2866	34.3	512	234.8
2087	3.703		2872	34.2	512	235.2
2088	3.656		2868	34.3	512	234.8
2089	3.859		2866	34.3	512	234.6
2090	3.969		2871	34.2	512	235.0
2091	4.062		2871	34.2	512	234.9
2092	4.125		2865	34.3	512	234.4
2093	3.875		2864	34.3	512	234.3
2094	4.156		2878	34.2	512	235.4
2095	4.062		2855	34.4	512	233.4
2096	4.688		2879	34.1	512	235.4
2097	3.797		2866	34.3	512	234.2
2098	3.672		2871	34.2	512	234.6
2099	3.812		2869	34.3	512	234.4
2100	3.906		2869	34.3	512	234.3
2101	3.984		2877	34.2	512	234.9
2102	4.094		2872	34.2	512	234.5
2103	4.156		2878	34.2	512	234.9
2104	3.875		2871	34.2	512	234.3
2105	4.188		2879	34.1	512	234.9
2106	3.641		2867	34.3	512	233.9
2107	3.891		2870	34.2	512	234.1
2108	4.094		2866	34.3	512	233.7
2109	3.859		2868	34.3	512	233.8
2110	3.859		2869	34.3	512	233.9
2111	3.781		2881	34.1	512	234.8
2112	3.906		2870	34.2	512	233.9
2113	3.906		2878	34.2	512	234.5
2114	3.891		2863	34.3	512	233.2
2115	4.094		2875	34.2	512	234.1
2116	3.906		2871	34.2	512	233.8
2117	3.969		2867	34.3	512	233.4
2118	3.875		2876	34.2	512	234.1
2119	3.953		2869	34.3	512	233.5
2120	3.875		2864	34.3	512	233.0
2121	4.188		2864	34.3	512	233.0
2122	3.969		2863	34.3	512	232.8
2123	3.719		2859	34.4	512	232.4
2124	4.250		2868	34.3	512	233.2
2125	3.922		2855	34.4	512	232.0
2126	3.875		2865	34.3	512	232.7
2127	3.734		2875	34.2	512	233.6
2128	3.875		2866	34.3	512	232.7
2129	3.906		2870	34.3	512	233.0
2130	3.797		2870	34.2	512	233.0
2131	3.938		2869	34.3	512	232.9
2132	3.828		2864	34.3	512	232.4
2133	4.031		2876	34.2	512	233.3
2134	3.859		2862	34.3	512	232.1
2135	3.812		2869	34.3	512	232.7
2136	4.156		2876	34.2	512	233.2
2137	3.812		2861	34.4	512	232.0
2138	3.812		2872	34.2	512	232.7
2139	3.891		2877	34.2	512	233.1
2140	3.766		2875	34.2	512	233.0
2141	3.906		2859	34.4	512	231.6
2142	3.812		2870	34.2	512	232.4
2143	3.984		2888	34.0	512	233.8
2144	3.797		2878	34.2	512	233.0
2145	4.094		2874	34.2	512	232.6
2146	3.906		2868	34.3	512	232.0
2147	4.000		2874	34.2	512	232.5
2148	3.844		2871	34.2	512	232.2
2149	3.906		2869	34.3	512	232.0
2150	3.922		2868	34.3	512	231.9
2151	4.062		2864	34.3	512	231.5
2152	4.062		2861	34.4	512	231.2
2153	4.219		2878	34.2	512	232.5
2154	3.719		2864	34.3	512	231.3
2155	3.859		2868	34.3	512	231.7
2156	4.125		2879	34.1	512	232.5
2157	4.031		2873	34.2	512	231.9
2158	4.125		2876	34.2	512	232.2
2159	4.219		2874	34.2	512	231.9
2160	3.641		2865	34.3	512	231.2
2161	3.625		2868	34.3	512	231.3
2162	3.922		2876	34.2	512	231.9
2163	3.734		2873	34.2	512	231.7
2164	3.797		2880	34.1	512	232.2
2165	3.859		2874	34.2	512	231.7
2166	3.812		2878	34.2	512	231.9
2167	3.453		2899	33.9	512	233.5
2168	4.125		2880	34.1	512	232.0
2169	4.000		2875	34.2	512	231.6
2170	3.922		2884	34.1	512	232.2
2171	3.781		2880	34.1	512	231.8
2172	4.000		2875	34.2	512	231.4
2173	3.844		2879	34.1	512	231.6
2174	3.719		2872	34.2	512	231.0
2175	3.922		2865	34.3	512	230.5
2176	3.781		2880	34.1	512	231.6
2177	3.953		2859	34.4	512	229.8
2178	4.062		2857	34.4	512	229.7
2179	3.844		2875	34.2	512	231.1
2180	3.875		2881	34.1	512	231.5
2181	3.562		2873	34.2	512	230.8
2182	3.938		2882	34.1	512	231.5
2183	4.094		2875	34.2	512	230.8
2184	4.031		2870	34.3	512	230.4
2185	3.688		2879	34.1	512	231.1
2186	3.891		2882	34.1	512	231.3
2187	3.812		2872	34.2	512	230.4
2188	3.797		2868	34.3	512	230.1
2189	3.688		2877	34.2	512	230.8
2190	3.891		2874	34.2	512	230.4
2191	3.938		2879	34.1	512	230.8
2192	3.656		2878	34.2	512	230.6
2193	3.812		2872	34.2	512	230.2
2194	3.734		2881	34.1	512	230.8
2195	3.828		2877	34.2	512	230.4
2196	3.672		2871	34.2	512	229.9
2197	3.938		2873	34.2	512	230.1
2198	3.766		2874	34.2	512	230.0
2199	3.734		2865	34.3	512	229.3
2200	3.703		2873	34.2	512	229.9
2201	4.000		2875	34.2	512	230.0
2202	4.781		2897	33.9	512	231.7
2203	3.969		2882	34.1	512	230.5
2204	3.891		2871	34.2	512	229.5
2205	3.781		2880	34.1	512	230.2
2206	3.750		2876	34.2	512	229.8
2207	3.656		2873	34.2	512	229.6
2208	3.797		2894	34.0	512	231.2
2209	3.828		2874	34.2	512	229.5
2210	3.984		2890	34.0	512	230.8
2211	3.984		2889	34.0	512	230.6
2212	3.859		2876	34.2	512	229.6
2213	3.953		2866	34.3	512	228.7
2214	3.766		2885	34.1	512	230.2
2215	3.969		2884	34.1	512	230.1
2216	3.750		2873	34.2	512	229.1
2217	3.891		2887	34.0	512	230.2
2218	3.969		2882	34.1	512	229.7
2219	3.844		2873	34.2	512	228.9
2220	3.812		2874	34.2	512	229.0
2221	3.938		2870	34.3	512	228.6
2222	4.125		2859	34.4	512	227.7
2223	4.219		2872	34.2	512	228.7
2224	3.953		2860	34.4	512	227.7
2225	3.734		2889	34.0	512	230.0
2226	4.094		2867	34.3	512	228.1
2227	3.953		2886	34.1	512	229.6
2228	4.250		2865	34.3	512	227.9
2229	4.219		2864	34.3	512	227.8
2230	4.188		2893	34.0	512	230.1
2231	4.094		2864	34.3	512	227.7
2232	3.922		2867	34.3	512	227.9
2233	4.031		2878	34.2	512	228.7
2234	3.953		2882	34.1	512	228.9
2235	3.969		2878	34.2	512	228.6
2236	3.922		2885	34.1	512	229.1
2237	3.922		2871	34.2	512	228.0
2238	3.812		2867	34.3	512	227.6
2239	4.094		2877	34.2	512	228.3
2240	4.000		2867	34.3	512	227.5
2241	4.406		2892	34.0	512	229.4
2242	4.062		2858	34.4	512	226.7
2243	4.031		2874	34.2	512	227.9
2244	4.031		2860	34.4	512	226.8
2245	4.094		2870	34.3	512	227.5
2246	4.156		2865	34.3	512	227.1
2247	4.062		2879	34.1	512	228.1
2248	3.875		2872	34.2	512	227.5
2249	3.734		2878	34.2	512	227.9
2250	4.125		2886	34.1	512	228.5
2251	4.156	4.229	2900	33.9	512	229.6
2252	4.312		2881	34.1	512	228.0
2253	4.062		2873	34.2	512	227.3
2254	3.938		2896	33.9	512	229.1
2255	3.984		2867	34.3	512	226.8
2256	3.844		2864	34.3	512	226.5
2257	3.906		2873	34.2	512	227.2
2258	4.094		2879	34.1	512	227.6
2259	4.031		2888	34.0	512	228.2
2260	4.344		2885	34.1	512	228.0
2261	4.219		2862	34.4	512	226.1
2262	4.156		2869	34.3	512	226.6
2263	3.844		2879	34.1	512	227.3
2264	3.828		2865	34.3	512	226.2
2265	3.828		2880	34.1	512	227.4
2266	4.219		2876	34.2	512	227.0
2267	4.062		2865	34.3	512	226.0
2268	3.969		2867	34.3	512	226.2
2269	3.953		2868	34.3	512	226.2
2270	3.953		2879	34.1	512	227.0
2271	3.891		2874	34.2	512	226.5
2272	3.891		2874	34.2	512	226.5
2273	3.922		2861	34.4	512	225.5
2274	3.875		2898	33.9	512	228.3
2275	3.844		2920	33.7	512	230.0
2276	3.922		2869	34.3	512	225.9
2277	4.438		2867	34.3	512	225.7
2278	3.953		2879	34.2	512	226.6
2279	3.938		2867	34.3	512	225.6
2280	4.219		2884	34.1	512	226.9
2281	3.875		2856	34.4	512	224.7
2282	3.859		2873	34.2	512	226.0
2283	4.031		2886	34.1	512	226.9
2284	4.156		2862	34.4	512	225.0
2285	3.797		2864	34.3	512	225.1
2286	3.875		2870	34.3	512	225.5
2287	3.469		2879	34.1	512	226.2
2288	3.938		2867	34.3	512	225.2
2289	4.188		2888	34.0	512	226.8
2290	4.062		2883	34.1	512	226.4
2291	4.344		2908	33.8	512	228.3
2292	3.797		2883	34.1	512	226.3
2293	4.156		2876	34.2	512	225.7
2294	4.094		2873	34.2	512	225.4
2295	4.094		2881	34.1	512	226.0
2296	3.984		2869	34.3	512	224.9
2297	4.031		2875	34.2	512	225.4
2298	4.000		2876	34.2	512	225.4
2299	3.828		2865	34.3	512	224.5
2300	3.750		2867	34.3	512	224.6
2301	4.094		2864	34.3	512	224.3
2302	3.859		2861	34.4	512	224.0
2303	3.969		2873	34.2	512	225.0
2304	3.734		2874	34.2	512	225.0
2305	3.859		2879	34.2	512	225.3
2306	4.656		2894	34.0	512	226.5
2307	4.000		2884	34.1	512	225.7
2308	4.094		2870	34.3	512	224.5
2309	4.094		2877	34.2	512	225.0
2310	3.984		2868	34.3	512	224.3
2311	4.188		2872	34.2	512	224.5
2312	3.844		2880	34.1	512	225.1
2313	5.656		2893	34.0	512	226.1
2314	3.984		2875	34.2	512	224.6
2315	4.062		2868	34.3	512	224.0
2316	3.844		2871	34.2	512	224.2
2317	4.062		2878	34.2	512	224.7
2318	3.828		2873	34.2	512	224.2
2319	4.219		2858	34.4	512	223.0
2320	3.875		2861	34.4	512	223.2
2321	3.875		2874	34.2	512	224.2
2322	4.438		2881	34.1	512	224.7
2323	3.984		2865	34.3	512	223.4
2324	4.156		2886	34.1	512	225.0
2325	3.969		2872	34.2	512	223.8
2326	3.859		2864	34.3	512	223.2
2327	4.094		2864	34.3	512	223.1
2328	3.812		2885	34.1	512	224.7
2329	4.031		2875	34.2	512	223.9
2330	4.094		2870	34.3	512	223.4
2331	4.156		2867	34.3	512	223.1
2332	3.953		2884	34.1	512	224.4
2333	3.953		2874	34.2	512	223.6
2334	3.859		2878	34.2	512	223.9
2335	3.969		2965	33.2	768	230.6
2336	4.188		3028	32.5	768	235.4
2337	4.000		2984	32.9	768	231.9
2338	3.844		2958	33.2	768	229.9
2339	3.984		2967	33.1	768	230.5
2340	4.562		2962	33.2	768	230.1
2341	3.719		2937	33.5	768	228.1
2342	3.891		2951	33.3	768	229.2
2343	3.984		2960	33.2	768	229.8
2344	3.953		2929	33.6	768	227.3
2345	4.125		2932	33.5	768	227.5
2346	3.781		2955	33.3	768	229.3
2347	3.891		2951	33.3	768	228.9
2348	4.156		2938	33.5	768	227.9
2349	4.062		2928	33.6	768	227.0
2350	3.797		2957	33.2	768	229.3
2351	3.859		2933	33.5	768	227.3
2352	3.719		2957	33.2	768	229.1
2353	3.969		2932	33.5	768	227.2
2354	3.938		2932	33.5	768	227.1
2355	3.859		2945	33.4	768	228.0
2356	3.906		2910	33.8	768	225.3
2357	3.875		2926	33.6	768	226.5
2358	4.188		2925	33.6	768	226.3
2359	4.156		2945	33.4	768	227.8
2360	3.891		2924	33.6	768	226.2
2361	3.922		2939	33.4	768	227.3
2362	3.969		2957	33.2	768	228.6
2363	3.812		2941	33.4	768	227.3
2364	3.984		2933	33.5	768	226.7
2365	3.594		2920	33.7	768	225.6
2366	3.875		2924	33.6	768	225.9
2367	3.953		2906	33.8	768	224.4
2368	3.766		2935	33.5	768	226.7
2369	3.984		2908	33.8	768	224.5
2370	3.891		2929	33.6	768	226.1
2371	4.062		2982	33.0	768	230.1
2372	3.812		2963	33.2	768	228.6
2373	3.922		2948	33.3	768	227.4
2374	4.094		2971	33.1	768	229.1
2375	3.891		2931	33.5	768	225.9
2376	4.031		2918	33.7	768	224.9
2377	3.812		2955	33.3	768	227.7
2378	3.891		2922	33.6	768	225.1
2379	3.891		2945	33.4	768	226.9
2380	3.969		2919	33.7	768	224.8
2381	4.156		2942	33.4	768	226.6
2382	3.922		2953	33.3	768	227.3
2383	3.844		2936	33.5	768	226.0
2384	3.625		2944	33.4	768	226.5
2385	4.188		2927	33.6	768	225.2
2386	4.188		3000	32.8	768	230.7
2387	3.953		2964	33.2	768	227.9
2388	4.344		2988	32.9	768	229.7
2389	3.953		2924	33.6	768	224.8
2390	3.734		2927	33.6	768	225.0
2391	3.844		2945	33.4	768	226.3
2392	4.125		2968	33.1	768	228.0
2393	4.000		2966	33.1	768	227.8
2394	3.672		2945	33.4	768	226.1
2395	4.062		2960	33.2	768	227.2
2396	3.703		2939	33.4	768	225.6
2397	3.656		2923	33.6	768	224.3
2398	3.719		2925	33.6	768	224.4
2399	4.094		2942	33.4	768	225.6
2400	3.750		2968	33.1	768	227.6
2401	3.828		2965	33.2	768	227.3
2402	3.984		2942	33.4	768	225.5
2403	4.469		2981	33.0	768	228.4
2404	4.062		2945	33.4	768	225.6
2405	3.922		2928	33.6	768	224.3
2406	4.219		3008	32.7	768	230.4
2407	3.859		2953	33.3	768	226.1
2408	3.766		2951	33.3	768	225.9
2409	4.094		2935	33.5	768	224.6
2410	4.031		2932	33.5	768	224.3
2411	4.031		2980	33.0	768	228.0
2412	3.750		2950	33.3	768	225.6
2413	3.734		2999	32.8	768	229.3
2414	4.062		3011	32.6	768	230.2
2415	3.750		2976	33.0	768	227.5
2416	3.859		2932	33.5	768	224.0
2417	3.797		2929	33.6	768	223.8
2418	4.062		2952	33.3	768	225.5
2419	4.062		2954	33.3	768	225.6
2420	3.750		2953	33.3	768	225.4
2421	3.781		2964	33.2	768	226.2
2422	3.859		2957	33.2	768	225.7
2423	3.656		2940	33.4	768	224.3
2424	4.125		2978	33.0	768	227.2
2425	4.000		2951	33.3	768	225.1
2426	4.062		2952	33.3	768	225.1
2427	3.797		2942	33.4	768	224.3
2428	3.938		2951	33.3	768	224.9
2429	3.656		2936	33.5	768	223.7
2430	3.500		2941	33.4	768	224.0
2431	4.031		2951	33.3	768	224.8
2432	3.906		2958	33.2	768	225.3
2433	3.812		2940	33.4	768	223.8
2434	3.797		2946	33.4	768	224.3
2435	3.797		2956	33.3	768	225.0
2436	3.625		2952	33.3	768	224.6
2437	3.859		2978	33.0	768	226.5
2438	3.891		2947	33.4	768	224.1
2439	3.969		2963	33.2	768	225.3
2440	3.797		2946	33.4	768	224.0
2441	3.516		2966	33.1	768	225.4
2442	3.812		2949	33.3	768	224.1
2443	3.734		2943	33.4	768	223.5
2444	4.188		2960	33.2	768	224.8
2445	4.094		2956	33.3	768	224.5
2446	3.797		2913	33.7	768	221.2
2447	3.688		2949	33.3	768	223.8
2448	3.797		2944	33.4	768	223.4
2449	4.062		2978	33.0	768	225.9
2450	4.125		2969	33.1	768	225.2
2451	4.000		2969	33.1	768	225.1
2452	3.641		2968	33.1	768	225.0
2453	3.625		2933	33.5	768	222.3
2454	3.688		2960	33.2	768	224.3
2455	3.781		2954	33.3	768	223.8
2456	3.688		2943	33.4	768	222.9
2457	3.859		2963	33.2	768	224.4
2458	3.750		2936	33.5	768	222.3
2459	4.000		2939	33.4	768	222.5
2460	3.797		2944	33.4	768	222.8
2461	3.844		2934	33.5	768	222.0
2462	3.922		2940	33.4	768	222.4
2463	3.922		2961	33.2	768	223.9
2464	3.688		2935	33.5	768	221.9
2465	3.812		2932	33.5	768	221.7
2466	3.859		2960	33.2	768	223.8
2467	3.562		2939	33.4	768	222.1
2468	3.750		2929	33.6	768	221.3
2469	3.625		2946	33.4	768	222.6
2470	3.938		2940	33.4	768	222.0
2471	3.719		2927	33.6	768	221.0
2472	3.719		2932	33.5	768	221.3
2473	3.750		2935	33.5	768	221.5
2474	4.125		3007	32.7	768	226.9
2475	3.859		2955	33.3	768	222.9
2476	4.125		2968	33.1	768	223.8
2477	3.828		2953	33.3	768	222.7
2478	4.219		3028	32.5	768	228.2
2479	4.000		2955	33.3	768	222.7
2480	3.734		2944	33.4	768	221.8
2481	3.719		2970	33.1	768	223.7
2482	3.812		2958	33.2	768	222.8
2483	3.672		2945	33.4	768	221.8
2484	3.938		2924	33.6	768	220.1
2485	4.250		2932	33.5	768	220.7
2486	3.984		2956	33.3	768	222.5
2487	3.938		2953	33.3	768	222.2
2488	4.125		2931	33.5	768	220.4
2489	3.859		2960	33.2	768	222.6
2490	3.953		2960	33.2	768	222.5
2491	4.000		2961	33.2	768	222.6
2492	4.531		3003	32.7	768	225.7
2493	3.938		2936	33.5	768	220.6
2494	4.062		2952	33.3	768	221.8
2495	4.219		2962	33.2	768	222.4
2496	4.031		2920	33.7	768	219.2
2497	3.734		2969	33.1	768	222.8
2498	4.000		2959	33.2	768	222.1
2499	3.500		2937	33.5	768	220.4
2500	3.859		2948	33.3	768	221.2
2501	3.875	3.969	2941	33.4	768	220.6
Saved checkpoint at step 2500
2502	3.953		5700	17.2	768	427.4
2503	4.031		2949	33.3	768	221.1
2504	4.094		2922	33.6	768	219.0
2505	4.094		2928	33.6	768	219.4
2506	3.938		2957	33.2	768	221.6
2507	4.000		2993	32.8	768	224.2
2508	4.219		2944	33.4	768	220.4
2509	4.125		2965	33.1	768	222.0
2510	4.000		2978	33.0	768	222.9
2511	3.922		2941	33.4	768	220.1
2512	3.938		2960	33.2	768	221.4
2513	4.000		2946	33.4	768	220.3
2514	4.000		2948	33.3	768	220.4
2515	3.969		2921	33.7	768	218.4
2516	3.969		2927	33.6	768	218.8
2517	3.922		2925	33.6	768	218.6
2518	3.656		2969	33.1	768	221.9
2519	3.734		2990	32.9	768	223.3
2520	4.125		2963	33.2	768	221.3
2521	3.906		2951	33.3	768	220.3
2522	4.062		2934	33.5	768	219.0
2523	3.984		2952	33.3	768	220.3
2524	3.734		2948	33.3	768	220.0
2525	4.344		2988	32.9	768	222.9
2526	3.844		2939	33.5	768	219.2
2527	3.766		2933	33.5	768	218.7
2528	3.797		2946	33.4	768	219.6
2529	5.156		2981	33.0	768	222.2
2530	4.375		2967	33.1	768	221.1
2531	4.062		2949	33.3	768	219.7
2532	3.984		2947	33.4	768	219.5
2533	3.891		2954	33.3	768	220.0
2534	3.906		2969	33.1	768	221.0
2535	3.938		2942	33.4	768	219.0
2536	3.828		2946	33.4	768	219.2
2537	3.922		2905	33.8	768	216.2
2538	3.844		2940	33.4	768	218.7
2539	3.844		2935	33.5	768	218.3
2540	3.891		2937	33.5	768	218.3
2541	3.906		2923	33.6	768	217.3
2542	3.844		2964	33.2	768	220.3
2543	4.094		2945	33.4	768	218.8
2544	3.922		2929	33.6	768	217.6
2545	4.062		2964	33.2	768	220.2
2546	3.750		2940	33.4	768	218.3
2547	3.938		2938	33.5	768	218.1
2548	4.250		2971	33.1	768	220.5
2549	4.281		2981	33.0	768	221.2
2550	3.938		2968	33.1	768	220.2
2551	3.750		2951	33.3	768	218.9
2552	3.938		2938	33.5	768	217.9
2553	3.578		3014	32.6	768	223.5
2554	3.891		2957	33.2	768	219.2
2555	3.766		2936	33.5	768	217.6
2556	4.000		2977	33.0	768	220.6
2557	3.906		2948	33.3	768	218.3
2558	3.969		2934	33.5	768	217.3
2559	3.562		2954	33.3	768	218.7
2560	3.891		2964	33.2	768	219.4
2561	3.859		2943	33.4	768	217.8
2562	3.672		2944	33.4	768	217.8
2563	3.766		2949	33.3	768	218.1
2564	3.672		2938	33.5	768	217.3
2565	3.812		2950	33.3	768	218.1
2566	3.906		2933	33.5	768	216.8
2567	3.750		2943	33.4	768	217.5
2568	3.844		2897	33.9	768	214.0
2569	4.062		2961	33.2	768	218.7
2570	3.953		2959	33.2	768	218.5
2571	3.875		2953	33.3	768	218.0
2572	3.922		2930	33.6	768	216.3
2573	3.969		2948	33.3	768	217.6
2574	3.719		2968	33.1	768	219.0
2575	4.250		2966	33.1	768	218.8
2576	4.219		2967	33.1	768	218.8
2577	4.625		2970	33.1	768	219.0
2578	4.094		2972	33.1	768	219.1
2579	4.031		2980	33.0	768	219.7
2580	4.156		2976	33.0	768	219.3
2581	3.688		2935	33.5	768	216.2
2582	4.062		2963	33.2	768	218.2
2583	3.844		2923	33.6	768	215.2
2584	3.922		2951	33.3	768	217.2
2585	4.344		2968	33.1	768	218.4
2586	3.844		2947	33.4	768	216.8
2587	3.984		2987	32.9	768	219.8
2588	3.906		2943	33.4	768	216.4
2589	3.969		2929	33.6	768	215.4
2590	4.125		2940	33.4	768	216.1
2591	4.469		2971	33.1	768	218.3
2592	3.922		2943	33.4	768	216.3
2593	4.094		2966	33.1	768	217.9
2594	3.938		2928	33.6	768	215.1
2595	3.828		2948	33.3	768	216.5
2596	3.984		2930	33.5	768	215.1
2597	4.219		2977	33.0	768	218.5
2598	3.984		2936	33.5	768	215.4
2599	3.984		2956	33.3	768	216.9
2600	3.938		2947	33.4	768	216.2
2601	3.969		2974	33.1	768	218.1
2602	3.969		2936	33.5	768	215.2
2603	3.844		2954	33.3	768	216.5
2604	4.250		2948	33.3	768	216.1
2605	3.844		2952	33.3	768	216.3
2606	3.828		2923	33.6	768	214.1
2607	3.969		2926	33.6	768	214.3
2608	3.828		2931	33.5	768	214.6
2609	3.719		2944	33.4	768	215.5
2610	3.938		2942	33.4	768	215.3
2611	4.188		2950	33.3	768	215.9
2612	3.906		2932	33.5	768	214.5
2613	3.844		2940	33.4	768	215.0
2614	3.797		2922	33.6	768	213.6
2615	4.156		2964	33.2	768	216.7
2616	3.766		2955	33.3	768	216.0
2617	4.000		2942	33.4	768	214.9
2618	3.734		2956	33.3	768	215.9
2619	4.000		2927	33.6	768	213.8
2620	3.781		2965	33.2	768	216.5
2621	3.984		2951	33.3	768	215.4
2622	3.703		2935	33.5	768	214.2
2623	3.797		2934	33.5	768	214.1
2624	3.844		2932	33.5	768	213.9
2625	3.828		2932	33.5	768	213.8
2626	4.750		2964	33.2	768	216.1
2627	3.891		2940	33.4	768	214.3
2628	3.828		2952	33.3	768	215.1
2629	3.531		2963	33.2	768	215.9
2630	3.891		2941	33.4	768	214.3
2631	3.578		2924	33.6	768	213.0
2632	3.906		2953	33.3	768	215.0
2633	4.094		2906	33.8	768	211.6
2634	3.953		2931	33.5	768	213.3
2635	3.844		2970	33.1	768	216.1
2636	3.891		2978	33.0	768	216.6
2637	3.641		2927	33.6	768	212.9
2638	3.953		2943	33.4	768	214.0
2639	3.938		2946	33.4	768	214.2
2640	4.000		2970	33.1	768	215.9
2641	3.734		2935	33.5	768	213.2
2642	4.031		2972	33.1	768	215.9
2643	3.734		2932	33.5	768	213.0
2644	4.031		2942	33.4	768	213.7
2645	3.844		2932	33.5	768	212.9
2646	3.922		2952	33.3	768	214.2
2647	3.891		2928	33.6	768	212.5
2648	3.828		2948	33.3	768	213.9
2649	3.828		2976	33.0	768	215.9
2650	4.156		2957	33.2	768	214.4
2651	3.844		2931	33.5	768	212.5
2652	3.906		2971	33.1	768	215.3
2653	3.953		2935	33.5	768	212.7
2654	4.062		2957	33.2	768	214.2
2655	3.859		2954	33.3	768	214.0
2656	3.703		2921	33.7	768	211.5
2657	3.719		2946	33.4	768	213.3
2658	3.859		2937	33.5	768	212.6
2659	4.250		2954	33.3	768	213.7
2660	3.719		2939	33.4	768	212.7
2661	3.672		2936	33.5	768	212.4
2662	3.797		2960	33.2	768	214.1
2663	3.906		2948	33.3	768	213.2
2664	3.578		2969	33.1	768	214.6
2665	4.125		2946	33.4	768	212.9
2666	3.703		2954	33.3	768	213.5
2667	3.719		2925	33.6	768	211.3
2668	3.719		2964	33.2	768	214.1
2669	3.812		2975	33.0	768	214.8
2670	3.828		2963	33.2	768	213.8
2671	3.812		2936	33.5	768	211.9
2672	3.594		2940	33.4	768	212.2
2673	3.766		2943	33.4	768	212.3
2674	3.906		2968	33.1	768	214.1
2675	4.000		2944	33.4	768	212.3
2676	3.750		2958	33.2	768	213.2
2677	3.844		2950	33.3	768	212.6
2678	3.781		2950	33.3	768	212.6
2679	3.625		2942	33.4	768	211.9
2680	3.984		2956	33.3	768	212.9
2681	3.609		2954	33.3	768	212.7
2682	3.891		2948	33.3	768	212.2
2683	3.625		2945	33.4	768	212.0
2684	3.891		2936	33.5	768	211.2
2685	3.781		2947	33.4	768	212.0
2686	3.750		2936	33.5	768	211.1
2687	3.828		2973	33.1	768	213.8
2688	3.828		2957	33.2	768	212.6
2689	3.875		2981	33.0	768	214.2
2690	3.812		2956	33.3	768	212.4
2691	3.812		2950	33.3	768	211.9
2692	3.781		2950	33.3	768	211.8
2693	4.031		2949	33.3	768	211.8
2694	3.750		2949	33.3	768	211.7
2695	3.656		2957	33.2	768	212.2
2696	3.766		2950	33.3	768	211.6
2697	3.281		2963	33.2	768	212.6
2698	3.938		2986	32.9	768	214.1
2699	3.656		2942	33.4	768	210.9
2700	3.859		2943	33.4	768	210.9
2701	4.062		2971	33.1	768	212.9
2702	3.734		2929	33.6	768	209.8
2703	3.703		2942	33.4	768	210.8
2704	3.891		2936	33.5	768	210.3
2705	3.859		2948	33.3	768	211.1
2706	3.672		2950	33.3	768	211.1
2707	3.500		2959	33.2	768	211.8
2708	3.828		2940	33.4	768	210.4
2709	3.469		2983	33.0	768	213.4
2710	3.609		2971	33.1	768	212.5
2711	3.719		2956	33.3	768	211.4
2712	3.875		2957	33.2	768	211.4
2713	3.609		2962	33.2	768	211.7
2714	3.766		2936	33.5	768	209.8
2715	3.719		2934	33.5	768	209.6
2716	3.688		2959	33.2	768	211.3
2717	3.641		2955	33.3	768	211.0
2718	3.719		2970	33.1	768	212.0
2719	3.844		2952	33.3	768	210.6
2720	3.828		2953	33.3	768	210.7
2721	3.797		2949	33.3	768	210.3
2722	3.828		2963	33.2	768	211.3
2723	3.922		2956	33.3	768	210.8
2724	3.828		2946	33.4	768	210.0
2725	4.156		2950	33.3	768	210.2
2726	4.125		2971	33.1	768	211.7
2727	4.000		2937	33.5	768	209.2
2728	4.062		2963	33.2	768	211.0
2729	4.594		2977	33.0	768	212.0
2730	3.719		2932	33.5	768	208.7
2731	3.734		2922	33.6	768	208.0
2732	3.984		2940	33.4	768	209.2
2733	3.828		2939	33.5	768	209.0
2734	3.891		2954	33.3	768	210.1
2735	3.609		2956	33.3	768	210.2
2736	4.031		2975	33.0	768	211.5
2737	3.859		2998	32.8	768	213.1
2738	3.828		2941	33.4	768	209.0
2739	4.250		2965	33.2	768	210.6
2740	3.922		2929	33.6	768	208.0
2741	4.031		2948	33.3	768	209.3
2742	3.797		2965	33.2	768	210.4
2743	3.766		2964	33.2	768	210.4
2744	3.984		2979	33.0	768	211.4
2745	3.859		2965	33.2	768	210.3
2746	3.922		2949	33.3	768	209.1
2747	3.938		2965	33.1	768	210.3
2748	3.828		2995	32.8	768	212.3
2749	4.125		2962	33.2	768	209.9
2750	4.062		2954	33.3	768	209.3
2751	3.781	3.990	2951	33.3	768	209.0
2752	3.750		2962	33.2	768	209.8
2753	3.672		2936	33.5	768	207.9
2754	4.594		3017	32.6	768	213.5
2755	3.828		3011	32.6	768	213.1
2756	3.969		2961	33.2	768	209.5
2757	4.031		2939	33.4	768	207.9
2758	4.094		2957	33.2	768	209.1
2759	3.984		2955	33.3	768	208.9
2760	3.750		3018	32.6	768	213.3
2761	4.031		2939	33.4	768	207.7
2762	3.844		2938	33.5	768	207.6
2763	3.812		2947	33.4	768	208.1
2764	3.953		2934	33.5	768	207.2
2765	3.844		2926	33.6	768	206.6
2766	3.875		2973	33.1	768	209.8
2767	4.312		2976	33.0	768	210.0
2768	3.938		2946	33.4	768	207.8
2769	3.828		2924	33.6	768	206.2
2770	3.953		2917	33.7	768	205.7
2771	4.625		3015	32.6	768	212.6
2772	3.969		2970	33.1	768	209.3
2773	3.906		2964	33.2	768	208.8
2774	3.891		2962	33.2	768	208.6
2775	3.875		2967	33.1	768	209.0
2776	3.922		2958	33.2	768	208.3
2777	4.000		2948	33.3	768	207.5
2778	3.859		2940	33.4	768	206.9
2779	3.844		2973	33.1	768	209.2
2780	3.906		2955	33.3	768	207.9
2781	3.984		2993	32.8	768	210.5
2782	3.766		2948	33.3	768	207.3
2783	3.953		2940	33.4	768	206.7
2784	4.031		2966	33.1	768	208.4
2785	3.688		2959	33.2	768	207.9
2786	3.812		2958	33.2	768	207.8
2787	4.125		2970	33.1	768	208.6
2788	4.000		2932	33.5	768	205.9
2789	3.906		2956	33.3	768	207.5
2790	3.797		2946	33.4	768	206.7
2791	4.000		2959	33.2	768	207.6
2792	3.844		2940	33.4	768	206.2
2793	4.000		2963	33.2	768	207.8
2794	3.859		2926	33.6	768	205.2
2795	4.000		2938	33.5	768	206.0
2796	4.156		2950	33.3	768	206.8
2797	3.688		2912	33.8	768	204.0
2798	3.672		2946	33.4	768	206.4
2799	4.031		2945	33.4	768	206.2
2800	3.750		2911	33.8	768	203.8
2801	4.062		2934	33.5	768	205.4
2802	3.891		2925	33.6	768	204.7
2803	3.688		2937	33.5	768	205.5
2804	3.953		2962	33.2	768	207.2
2805	3.656		2955	33.3	768	206.7
2806	4.031		2986	32.9	768	208.8
2807	4.125		2977	33.0	768	208.1
2808	3.844		2959	33.2	768	206.8
2809	3.969		2940	33.4	768	205.4
2810	4.031		2935	33.5	768	205.0
2811	3.969		2961	33.2	768	206.8
2812	4.062		2955	33.3	768	206.3
2813	3.625		2951	33.3	768	206.0
2814	4.094		2939	33.4	768	205.1
2815	3.625		2936	33.5	768	204.8
2816	4.094		2932	33.5	768	204.5
2817	3.969		2923	33.6	768	203.8
2818	3.719		2925	33.6	768	204.0
2819	3.922		2950	33.3	768	205.6
2820	4.031		2944	33.4	768	205.2
2821	4.000		2933	33.5	768	204.3
2822	3.812		2940	33.4	768	204.8
2823	3.891		2922	33.6	768	203.5
2824	3.969		2915	33.7	768	203.0
2825	3.828		2941	33.4	768	204.7
2826	4.125		2921	33.7	768	203.2
2827	3.688		2941	33.4	768	204.6
2828	3.906		2943	33.4	768	204.7
2829	3.891		2994	32.8	768	208.2
2830	3.922		2949	33.3	768	205.0
2831	3.969		2938	33.5	768	204.2
2832	3.984		2917	33.7	768	202.7
2833	4.031		2941	33.4	768	204.3
2834	3.891		2966	33.1	768	206.0
2835	4.188		2942	33.4	768	204.3
2836	3.953		2969	33.1	768	206.1
2837	4.000		2962	33.2	768	205.5
2838	3.719		2943	33.4	768	204.2
2839	3.891		2917	33.7	768	202.3
2840	4.125		2969	33.1	768	205.9
2841	3.625		2965	33.2	768	205.6
2842	3.688		2932	33.5	768	203.3
2843	3.891		2969	33.1	768	205.7
2844	3.859		2932	33.5	768	203.2
2845	3.938		2949	33.3	768	204.3
2846	3.766		2939	33.4	768	203.5
2847	4.188		2944	33.4	768	203.9
2848	3.625		2938	33.5	768	203.4
2849	3.938		2917	33.7	768	201.9
2850	3.844		2935	33.5	768	203.1
2851	3.828		2930	33.6	768	202.7
2852	3.859		2923	33.6	768	202.1
2853	3.641		2951	33.3	768	204.0
2854	3.891		2943	33.4	768	203.4
2855	3.656		2928	33.6	768	202.3
2856	3.844		2975	33.0	768	205.5
2857	3.859		2943	33.4	768	203.3
2858	3.766		2949	33.3	768	203.6
2859	4.250		2944	33.4	768	203.2
2860	3.766		2980	33.0	768	205.7
2861	3.828		2948	33.3	768	203.4
2862	4.562		2991	32.9	768	206.3
2863	3.891		2932	33.5	768	202.2
2864	3.969		2957	33.2	768	203.9
2865	3.984		2938	33.5	768	202.5
2866	3.875		2944	33.4	768	202.9
2867	3.609		2950	33.3	768	203.2
2868	3.766		2919	33.7	768	201.0
2869	3.922		2935	33.5	768	202.2
2870	3.797		2955	33.3	768	203.4
2871	4.031		2962	33.2	768	203.9
2872	3.828		2955	33.3	768	203.3
2873	4.062		2977	33.0	768	204.8
2874	3.859		2920	33.7	768	200.9
2875	3.859		2926	33.6	768	201.2
2876	4.281		2978	33.0	768	204.8
2877	4.125		2964	33.2	768	203.7
2878	3.953		2932	33.5	768	201.5
2879	3.781		2956	33.3	768	203.1
2880	3.828		2951	33.3	768	202.7
2881	3.938		2999	32.8	768	205.9
2882	3.766		2995	32.8	768	205.6
2883	3.875		2962	33.2	768	203.3
2884	3.844		2933	33.5	768	201.2
2885	3.844		2942	33.4	768	201.8
2886	3.766		2958	33.2	768	202.8
2887	3.922		2944	33.4	768	201.8
2888	3.812		2924	33.6	768	200.5
2889	3.859		2917	33.7	768	199.9
2890	3.703		2967	33.1	768	203.3
2891	3.797		2968	33.1	768	203.3
2892	3.891		2950	33.3	768	202.0
2893	3.781		2939	33.4	768	201.2
2894	3.969		2951	33.3	768	202.0
2895	4.062		2956	33.3	768	202.3
2896	3.812		2917	33.7	768	199.6
2897	4.438		2926	33.6	768	200.2
2898	3.812		2929	33.6	768	200.3
2899	3.672		2946	33.4	768	201.4
2900	3.922		2931	33.5	768	200.3
2901	3.703		2917	33.7	768	199.3
2902	3.938		2903	33.9	768	198.3
2903	3.969		2941	33.4	768	200.9
2904	3.828		2958	33.2	768	202.0
2905	3.891		2955	33.3	768	201.7
2906	3.797		2969	33.1	768	202.7
2907	3.969		2935	33.5	768	200.3
2908	3.781		2922	33.6	768	199.3
2909	3.828		2944	33.4	768	200.8
2910	3.594		2942	33.4	768	200.6
2911	3.469		2941	33.4	768	200.5
2912	3.734		2948	33.4	768	200.9
2913	3.531		2942	33.4	768	200.4
2914	3.797		2941	33.4	768	200.3
2915	3.859		2935	33.5	768	199.9
2916	3.578		2936	33.5	768	199.9
2917	3.516		2944	33.4	768	200.4
2918	3.688		2971	33.1	768	202.2
2919	3.703		2953	33.3	768	200.9
2920	3.688		2949	33.3	768	200.6
2921	3.344		3013	32.6	768	204.9
2922	3.750		2948	33.3	768	200.4
2923	4.000		2942	33.4	768	199.9
2924	3.453		2959	33.2	768	201.0
2925	3.500		2965	33.2	768	201.4
2926	3.750		2938	33.5	768	199.5
2927	3.703		2972	33.1	768	201.8
2928	3.797		2946	33.4	768	200.0
2929	3.641		2932	33.5	768	199.0
2930	3.719		2964	33.2	768	201.1
2931	3.766		2935	33.5	768	199.1
2932	3.641		2939	33.4	768	199.3
2933	3.891		2987	32.9	768	202.5
2934	3.672		2951	33.3	768	200.0
2935	3.828		2932	33.5	768	198.7
2936	3.875		2926	33.6	768	198.2
2937	3.750		2965	33.2	768	200.8
2938	3.812		2987	32.9	768	202.3
2939	4.062		2949	33.3	768	199.7
2940	3.734		2934	33.5	768	198.6
2941	3.812		2961	33.2	768	200.4
2942	3.500		2944	33.4	768	199.1
2943	3.406		2931	33.5	768	198.2
2944	3.797		2931	33.5	768	198.2
2945	3.875		2942	33.4	768	198.9
2946	3.500		2939	33.5	768	198.6
2947	3.688		2948	33.3	768	199.2
2948	3.656		2964	33.2	768	200.2
2949	3.797		2973	33.1	768	200.7
2950	3.656		2918	33.7	768	197.0
2951	4.812		2992	32.9	768	201.9
2952	3.969		2945	33.4	768	198.8
2953	3.875		2955	33.3	768	199.4
2954	3.688		2947	33.4	768	198.8
2955	4.094		2952	33.3	768	199.0
2956	3.656		2969	33.1	768	200.2
2957	3.922		2940	33.4	768	198.2
2958	3.703		2929	33.6	768	197.4
2959	4.000		2950	33.3	768	198.8
2960	3.906		2933	33.5	768	197.5
2961	3.438		2973	33.1	768	200.2
2962	3.594		2950	33.3	768	198.6
2963	3.594		2965	33.2	768	199.6
2964	3.875		2986	32.9	768	200.9
2965	3.953		2944	33.4	768	198.0
2966	3.875		2990	32.9	768	201.1
2967	3.953		2964	33.2	768	199.3
2968	3.734		2943	33.4	768	197.8
2969	3.906		2970	33.1	768	199.6
2970	3.750		2947	33.4	768	198.0
2971	3.844		2946	33.4	768	197.8
2972	3.969		2933	33.5	768	197.0
2973	4.000		2971	33.1	768	199.4
2974	3.766		2944	33.4	768	197.6
2975	3.875		2963	33.2	768	198.8
2976	3.969		2940	33.4	768	197.2
2977	3.906		2918	33.7	768	195.7
2978	3.797		2960	33.2	768	198.5
2979	3.828		2924	33.6	768	196.0
2980	3.922		2975	33.0	768	199.4
2981	3.938		2972	33.1	768	199.1
2982	3.734		2972	33.1	768	199.1
2983	3.828		2965	33.2	768	198.6
2984	3.906		2966	33.1	768	198.6
2985	3.625		2944	33.4	768	197.0
2986	3.703		2937	33.5	768	196.5
2987	3.812		2925	33.6	768	195.7
2988	4.094		2963	33.2	768	198.2
2989	4.156		2951	33.3	768	197.3
2990	4.062		2939	33.4	768	196.5
2991	3.469		2992	32.9	768	200.0
2992	3.953		2968	33.1	768	198.3
2993	3.984		2959	33.2	768	197.6
2994	3.938		2927	33.6	768	195.5
2995	3.844		2969	33.1	768	198.2
2996	4.000		2939	33.5	768	196.1
2997	4.062		2952	33.3	768	197.0
2998	3.688		2928	33.6	768	195.3
2999	3.969		2937	33.5	768	195.9
3000	3.828		2959	33.2	768	197.3
3001	4.031	3.865	2946	33.4	768	196.4
Saved checkpoint at step 3000
3002	3.281		5792	17.0	768	386.0
3003	3.766		2925	33.6	768	194.9
3004	3.922		2911	33.8	768	193.9
3005	4.000		2913	33.8	768	194.0
3006	3.797		2927	33.6	768	194.9
3007	3.891		2978	33.0	768	198.3
3008	3.844		2962	33.2	768	197.2
3009	3.719		2966	33.1	768	197.4
3010	4.031		2950	33.3	768	196.2
3011	3.922		2963	33.2	768	197.1
3012	3.859		2965	33.2	768	197.1
3013	4.562		2991	32.9	768	198.8
3014	3.828		2936	33.5	768	195.1
3015	3.828		2922	33.6	768	194.1
3016	3.812		2952	33.3	768	196.1
3017	3.828		2929	33.6	768	194.5
3018	3.859		2953	33.3	768	196.0
3019	3.953		2940	33.4	768	195.1
3020	3.969		2963	33.2	768	196.6
3021	3.672		2991	32.9	768	198.4
3022	3.938		2957	33.2	768	196.1
3023	3.828		2956	33.3	768	196.0
3024	3.906		2948	33.3	768	195.4
3025	3.844		2942	33.4	768	195.0
3026	3.812		2950	33.3	768	195.4
3027	3.828		2977	33.0	768	197.2
3028	3.969		2947	33.4	768	195.2
3029	4.094		2959	33.2	768	195.9
3030	3.938		2968	33.1	768	196.4
3031	4.250		2957	33.2	768	195.7
3032	4.000		2942	33.4	768	194.6
3033	3.875		2992	32.9	768	197.9
3034	3.984		2934	33.5	768	194.0
3035	4.156		2952	33.3	768	195.2
3036	4.156		2976	33.0	768	196.7
3037	4.000		2964	33.2	768	195.8
3038	3.844		2960	33.2	768	195.5
3039	3.812		2941	33.4	768	194.2
3040	3.984		2923	33.6	768	193.0
3041	3.844		2940	33.4	768	194.1
3042	3.844		3003	32.7	768	198.1
3043	4.500		2961	33.2	768	195.3
3044	3.906		2918	33.7	768	192.4
3045	3.844		2912	33.8	768	192.0
3046	3.828		2969	33.1	768	195.7
3047	4.000		2925	33.6	768	192.8
3048	3.969		2913	33.7	768	191.9
3049	3.875		2920	33.7	768	192.4
3050	4.000		2926	33.6	768	192.7
3051	4.094		3021	32.5	768	198.9
3052	3.906		2998	32.8	768	197.3
3053	3.953		2953	33.3	768	194.3
3054	3.469		2961	33.2	768	194.8
3055	4.094		2960	33.2	768	194.7
3056	4.000		2924	33.6	768	192.3
3057	3.672		2953	33.3	768	194.1
3058	3.969		2960	33.2	768	194.5
3059	4.125		2947	33.4	768	193.6
3060	3.734		2935	33.5	768	192.8
3061	3.969		2962	33.2	768	194.5
3062	3.719		2926	33.6	768	192.1
3063	3.766		2904	33.9	768	190.6
3064	3.922		2942	33.4	768	193.0
3065	3.812		2939	33.5	768	192.8
3066	3.766		2948	33.3	768	193.4
3067	3.797		2949	33.3	768	193.4
3068	3.609		2948	33.3	768	193.3
3069	3.953		2920	33.7	768	191.4
3070	3.891		2932	33.5	768	192.1
3071	3.891		2962	33.2	768	194.0
3072	3.734		2970	33.1	768	194.5
3073	3.766		2939	33.4	768	192.4
3074	3.781		2920	33.7	768	191.1
3075	3.531		2939	33.4	768	192.3
3076	3.922		2958	33.2	768	193.5
3077	3.828		2919	33.7	768	190.9
3078	3.844		2931	33.5	768	191.6
3079	3.906		2996	32.8	768	195.8
3080	3.781		2946	33.4	768	192.5
3081	3.906		2934	33.5	768	191.7
3082	3.953		2937	33.5	768	191.9
3083	4.031		2920	33.7	768	190.7
3084	3.844		2952	33.3	768	192.7
3085	3.625		2951	33.3	768	192.6
3086	3.953		2946	33.4	768	192.2
3087	3.891		2946	33.4	768	192.2
3088	3.984		2940	33.4	768	191.7
3089	4.125		2989	32.9	768	194.9
3090	4.312		2955	33.3	768	192.6
3091	3.828		2912	33.8	768	189.8
3092	3.797		2923	33.6	768	190.5
3093	3.828		2922	33.6	768	190.3
3094	3.734		2927	33.6	768	190.6
3095	3.500		2975	33.0	768	193.7
3096	4.000		2980	33.0	768	193.9
3097	3.844		2939	33.4	768	191.3
3098	3.719		2939	33.4	768	191.2
3099	4.000		2950	33.3	768	191.8
3100	3.953		2902	33.9	768	188.7
3101	3.656		2927	33.6	768	190.3
3102	4.031		2933	33.5	768	190.6
3103	3.922		2944	33.4	768	191.2
3104	4.000		2917	33.7	768	189.5
3105	3.594		2953	33.3	768	191.7
3106	3.000		2993	32.8	768	194.3
3107	3.844		2948	33.3	768	191.4
3108	3.766		2961	33.2	768	192.1
3109	3.719		2956	33.3	768	191.7
3110	3.922		2967	33.1	768	192.4
3111	3.625		2925	33.6	768	189.6
3112	4.125		2938	33.5	768	190.4
3113	4.062		2931	33.5	768	189.9
3114	3.969		2944	33.4	768	190.7
3115	3.984		2950	33.3	768	191.0
3116	3.812		2943	33.4	768	190.6
3117	4.031		2931	33.5	768	189.7
3118	3.891		2928	33.6	768	189.5
3119	3.625		2944	33.4	768	190.5
3120	4.062		2947	33.4	768	190.6
3121	3.672		2935	33.5	768	189.8
3122	4.094		2918	33.7	768	188.6
3123	3.844		2945	33.4	768	190.3
3124	3.828		2972	33.1	768	192.1
3125	3.766		2923	33.6	768	188.8
3126	3.844		2951	33.3	768	190.6
3127	3.688		2944	33.4	768	190.1
3128	3.594		2942	33.4	768	189.9
3129	4.125		2958	33.2	768	190.9
3130	3.906		2929	33.6	768	189.0
3131	4.031		2929	33.6	768	188.9
3132	3.844		2949	33.3	768	190.2
3133	3.953		2972	33.1	768	191.6
3134	3.828		2930	33.6	768	188.8
3135	3.828		2933	33.5	768	189.0
3136	3.719		2967	33.1	768	191.2
3137	3.875		2923	33.6	768	188.2
3138	4.062		2932	33.5	768	188.8
3139	3.859		2963	33.2	768	190.7
3140	3.922		2952	33.3	768	190.0
3141	3.859		2933	33.5	768	188.7
3142	4.469		2985	32.9	768	192.0
3143	3.953		2943	33.4	768	189.2
3144	4.000		2932	33.5	768	188.5
3145	3.953		2954	33.3	768	189.9
3146	3.766		2958	33.2	768	190.0
3147	4.000		2965	33.2	768	190.5
3148	3.922		2939	33.5	768	188.7
3149	3.953		2942	33.4	768	188.9
3150	3.781		2958	33.2	768	189.9
3151	4.094		2930	33.6	768	188.0
3152	3.797		2987	32.9	768	191.6
3153	3.656		2954	33.3	768	189.4
3154	3.766		2963	33.2	768	190.0
3155	3.516		2979	33.0	768	190.9
3156	3.766		2945	33.4	768	188.7
3157	3.625		2957	33.2	768	189.4
3158	3.578		2951	33.3	768	189.0
3159	3.578		2967	33.1	768	190.0
3160	3.578		2919	33.7	768	186.9
3161	3.719		2965	33.2	768	189.7
3162	3.703		2935	33.5	768	187.8
3163	3.938		2955	33.3	768	189.0
3164	3.641		2950	33.3	768	188.7
3165	3.812		2943	33.4	768	188.2
3166	3.688		2938	33.5	768	187.8
3167	3.656		2940	33.4	768	187.9
3168	3.906		2966	33.1	768	189.5
3169	3.984		2966	33.1	768	189.4
3170	3.656		2940	33.4	768	187.7
3171	3.984		2956	33.3	768	188.7
3172	3.797		2932	33.5	768	187.1
3173	3.672		2949	33.3	768	188.2
3174	3.797		2934	33.5	768	187.2
3175	3.875		2973	33.1	768	189.6
3176	3.797		2953	33.3	768	188.3
3177	3.672		2946	33.4	768	187.8
3178	3.750		2939	33.5	768	187.2
3179	3.562		2952	33.3	768	188.0
3180	3.844		2934	33.5	768	186.9
3181	3.734		2952	33.3	768	188.0
3182	3.906		2948	33.3	768	187.6
3183	3.453		2950	33.3	768	187.7
3184	3.844		2937	33.5	768	186.8
3185	4.125		2965	33.2	768	188.6
3186	3.594		2938	33.5	768	186.8
3187	3.797		2946	33.4	768	187.2
3188	3.766		2946	33.4	768	187.2
3189	3.828		2947	33.4	768	187.2
3190	3.828		2951	33.3	768	187.4
3191	4.156		2976	33.0	768	189.0
3192	3.906		2998	32.8	768	190.3
3193	3.750		2951	33.3	768	187.3
3194	3.641		2933	33.5	768	186.1
3195	3.750		2947	33.4	768	186.9
3196	3.641		2935	33.5	768	186.1
3197	3.578		2953	33.3	768	187.2
3198	3.719		2941	33.4	768	186.4
3199	3.656		2976	33.0	768	188.6
3200	3.781		2954	33.3	768	187.1
3201	3.844		2941	33.4	768	186.2
3202	3.969		2938	33.5	768	186.0
3203	3.547		2942	33.4	768	186.2
3204	3.531		2954	33.3	768	187.0
3205	3.719		2956	33.3	768	187.0
3206	3.766		2949	33.3	768	186.5
3207	3.844		2937	33.5	768	185.7
3208	3.719		2949	33.3	768	186.4
3209	3.344		2947	33.4	768	186.2
3210	3.844		2955	33.3	768	186.7
3211	3.797		2944	33.4	768	185.9
3212	3.578		2937	33.5	768	185.4
3213	3.766		2936	33.5	768	185.4
3214	3.844		2942	33.4	768	185.7
3215	3.594		2929	33.6	768	184.8
3216	3.844		2983	33.0	768	188.2
3217	3.812		2966	33.1	768	187.0
3218	3.969		2986	32.9	768	188.3
3219	3.906		2980	33.0	768	187.8
3220	3.953		2939	33.4	768	185.2
3221	3.984		2944	33.4	768	185.5
3222	4.000		2942	33.4	768	185.3
3223	3.953		2971	33.1	768	187.1
3224	3.953		2940	33.4	768	185.1
3225	3.656		2943	33.4	768	185.2
3226	3.984		2958	33.2	768	186.1
3227	3.812		2952	33.3	768	185.7
3228	3.969		2924	33.6	768	183.9
3229	3.875		2940	33.4	768	184.9
3230	3.953		2928	33.6	768	184.0
3231	4.188		2970	33.1	768	186.6
3232	3.891		2975	33.0	768	186.9
3233	4.031		2976	33.0	768	186.9
3234	3.594		2955	33.3	768	185.5
3235	3.531		2965	33.2	768	186.1
3236	3.891		2947	33.4	768	184.9
3237	3.922		2940	33.4	768	184.4
3238	3.906		2931	33.5	768	183.8
3239	3.812		2935	33.5	768	184.0
3240	3.797		2930	33.6	768	183.6
3241	4.062		2957	33.2	768	185.3
3242	3.859		2943	33.4	768	184.4
3243	3.844		2950	33.3	768	184.8
3244	3.938		2926	33.6	768	183.2
3245	3.891		2929	33.6	768	183.4
3246	3.938		2944	33.4	768	184.3
3247	3.938		3001	32.8	768	187.8
3248	3.844		2957	33.2	768	184.9
3249	3.938		2930	33.6	768	183.2
3250	3.766		2952	33.3	768	184.5
3251	3.891	3.996	2952	33.3	768	184.5
3252	3.797		2944	33.4	768	183.9
3253	3.859		2957	33.2	768	184.7
3254	3.844		2981	33.0	768	186.2
3255	3.516		3021	32.5	768	188.6
3256	3.688		2944	33.4	768	183.7
3257	3.797		2929	33.6	768	182.8
3258	3.953		2921	33.6	768	182.3
3259	3.906		2934	33.5	768	183.0
3260	3.688		2965	33.2	768	184.9
3261	3.688		2981	33.0	768	185.8
3262	3.875		2946	33.4	768	183.6
3263	4.250		2971	33.1	768	185.1
3264	3.906		2964	33.2	768	184.6
3265	3.891		2950	33.3	768	183.7
3266	3.938		2916	33.7	768	181.5
3267	3.844		2922	33.6	768	181.8
3268	3.578		2957	33.2	768	184.0
3269	3.875		2988	32.9	768	185.8
3270	3.469		2980	33.0	768	185.3
3271	3.797		2956	33.3	768	183.7
3272	3.812		2922	33.6	768	181.6
3273	3.750		2953	33.3	768	183.5
3274	3.672		2954	33.3	768	183.5
3275	3.922		2935	33.5	768	182.2
3276	3.781		2949	33.3	768	183.1
3277	3.969		2958	33.2	768	183.6
3278	3.719		2961	33.2	768	183.8
3279	3.844		2980	33.0	768	184.8
3280	3.906		2933	33.5	768	181.9
3281	3.703		2975	33.0	768	184.5
3282	4.031		2955	33.3	768	183.2
3283	3.969		2980	33.0	768	184.7
3284	3.781		2949	33.3	768	182.7
3285	3.781		2953	33.3	768	182.9
3286	3.891		2946	33.4	768	182.4
3287	3.891		2934	33.5	768	181.6
3288	3.891		2933	33.5	768	181.5
3289	3.797		2930	33.6	768	181.2
3290	3.703		2966	33.1	768	183.4
3291	3.859		2954	33.3	768	182.6
3292	3.938		2914	33.7	768	180.2
3293	4.531		2938	33.5	768	181.6
3294	3.859		2914	33.7	768	180.0
3295	3.672		2936	33.5	768	181.3
3296	3.578		2943	33.4	768	181.7
3297	4.031		2935	33.5	768	181.2
3298	3.531		2948	33.3	768	181.9
3299	3.844		2952	33.3	768	182.2
3300	3.812		2950	33.3	768	182.0
3301	3.766		2934	33.5	768	180.9
3302	3.672		2955	33.3	768	182.1
3303	3.719		2987	32.9	768	184.1
3304	4.156		2957	33.2	768	182.2
3305	3.797		2950	33.3	768	181.7
3306	3.703		2947	33.4	768	181.5
3307	3.734		2941	33.4	768	181.1
3308	4.094		2938	33.5	768	180.8
3309	4.094		2944	33.4	768	181.2
3310	3.859		2957	33.2	768	181.9
3311	3.797		2948	33.4	768	181.3
3312	3.500		2972	33.1	768	182.7
3313	3.844		2957	33.2	768	181.7
3314	3.750		2939	33.4	768	180.6
3315	3.797		2912	33.8	768	178.9
3316	3.859		2935	33.5	768	180.3
3317	4.031		2946	33.4	768	180.9
3318	3.766		2964	33.2	768	182.0
3319	3.859		2929	33.6	768	179.7
3320	3.859		2943	33.4	768	180.5
3321	3.828		2962	33.2	768	181.6
3322	3.828		2943	33.4	768	180.5
3323	4.156		2958	33.2	768	181.3
3324	3.875		2964	33.2	768	181.6
3325	4.031		2922	33.6	768	179.0
3326	3.844		2949	33.3	768	180.6
3327	3.797		2953	33.3	768	180.8
3328	3.797		2925	33.6	768	179.0
3329	4.062		2968	33.1	768	181.6
3330	4.031		2954	33.3	768	180.8
3331	4.094		2948	33.4	768	180.3
3332	3.844		2936	33.5	768	179.5
3333	3.812		2942	33.4	768	179.9
3334	3.766		2965	33.2	768	181.2
3335	3.797		2964	33.2	768	181.1
3336	3.969		2968	33.1	768	181.3
3337	3.797		2969	33.1	768	181.3
3338	3.953		2937	33.5	768	179.3
3339	3.859		2923	33.6	768	178.4
3340	3.891		2954	33.3	768	180.2
3341	3.984		2952	33.3	768	180.1
3342	3.719		2926	33.6	768	178.5
3343	4.062		2951	33.3	768	179.9
3344	3.844		2918	33.7	768	177.8
3345	3.781		2934	33.5	768	178.8
3346	3.609		2943	33.4	768	179.3
3347	3.922		2957	33.2	768	180.1
3348	3.859		2966	33.1	768	180.6
3349	3.656		2931	33.5	768	178.4
3350	3.812		2932	33.5	768	178.4
3351	4.094		2952	33.3	768	179.6
3352	3.938		2936	33.5	768	178.5
3353	3.766		2974	33.0	768	180.8
3354	3.875		2930	33.5	768	178.1
3355	3.844		2987	32.9	768	181.5
3356	3.703		2927	33.6	768	177.8
3357	3.797		2949	33.3	768	179.1
3358	3.953		2946	33.4	768	178.9
3359	3.734		2941	33.4	768	178.5
3360	4.000		2941	33.4	768	178.4
3361	3.609		2952	33.3	768	179.1
3362	3.781		2938	33.5	768	178.2
3363	3.469		2965	33.2	768	179.8
3364	3.891		2958	33.2	768	179.3
3365	4.156		2963	33.2	768	179.6
3366	3.719		2915	33.7	768	176.6
3367	3.672		2968	33.1	768	179.8
3368	3.891		2949	33.3	768	178.6
3369	3.781		2943	33.4	768	178.1
3370	3.891		2954	33.3	768	178.8
3371	3.734		2955	33.3	768	178.8
3372	3.969		2945	33.4	768	178.1
3373	3.703		2923	33.6	768	176.7
3374	3.781		2920	33.7	768	176.5
3375	3.781		2948	33.3	768	178.1
3376	3.719		2920	33.7	768	176.4
3377	3.875		2951	33.3	768	178.3
3378	4.156		3001	32.8	768	181.2
3379	3.938		2964	33.2	768	179.0
3380	3.922		2920	33.7	768	176.2
3381	3.594		2914	33.7	768	175.8
3382	3.875		2932	33.5	768	176.9
3383	3.891		2948	33.3	768	177.7
3384	3.531		2956	33.3	768	178.2
3385	4.125		2960	33.2	768	178.4
3386	3.828		2945	33.4	768	177.5
3387	3.766		2926	33.6	768	176.3
3388	3.953		2937	33.5	768	176.9
3389	4.000		2962	33.2	768	178.3
3390	3.734		2990	32.9	768	179.9
3391	3.797		2926	33.6	768	176.0
3392	4.062		2939	33.4	768	176.8
3393	3.844		2959	33.2	768	177.9
3394	3.906		2934	33.5	768	176.4
3395	3.781		2938	33.5	768	176.6
3396	3.969		2949	33.3	768	177.2
3397	3.984		2948	33.3	768	177.1
3398	3.750		3015	32.6	768	181.0
3399	3.812		2986	32.9	768	179.3
3400	4.062		2935	33.5	768	176.2
3401	4.094		2954	33.3	768	177.2
3402	3.859		3039	32.3	768	182.3
3403	3.734		2954	33.3	768	177.1
3404	3.797		2949	33.3	768	176.8
3405	4.219		2931	33.5	768	175.6
3406	3.812		2936	33.5	768	175.9
3407	3.625		2942	33.4	768	176.2
3408	3.766		2947	33.4	768	176.5
3409	4.062		2979	33.0	768	178.4
3410	3.703		2941	33.4	768	176.0
3411	3.625		2948	33.3	768	176.4
3412	3.766		2960	33.2	768	177.0
3413	3.812		2962	33.2	768	177.1
3414	3.750		2966	33.1	768	177.3
3415	3.688		2953	33.3	768	176.5
3416	3.969		2968	33.1	768	177.3
3417	3.469		2969	33.1	768	177.3
3418	3.750		3004	32.7	768	179.4
3419	3.672		2980	33.0	768	177.9
3420	3.875		2966	33.1	768	177.0
3421	3.750		2935	33.5	768	175.1
3422	3.734		2933	33.5	768	174.9
3423	4.000		2956	33.3	768	176.3
3424	3.516		2946	33.4	768	175.6
3425	3.766		2968	33.1	768	176.9
3426	3.938		2971	33.1	768	177.0
3427	3.656		2941	33.4	768	175.2
3428	3.812		2947	33.4	768	175.5
3429	3.688		2956	33.3	768	176.0
3430	3.781		2965	33.2	768	176.4
3431	3.688		2960	33.2	768	176.1
3432	3.953		2939	33.4	768	174.8
3433	3.703		2956	33.3	768	175.8
3434	3.797		2954	33.3	768	175.6
3435	3.859		2958	33.2	768	175.8
3436	3.844		3005	32.7	768	178.6
3437	3.812		2947	33.4	768	175.1
3438	3.688		2934	33.5	768	174.2
3439	3.625		2934	33.5	768	174.2
3440	3.797		2941	33.4	768	174.5
3441	3.781		2947	33.4	768	174.9
3442	3.422		2970	33.1	768	176.2
3443	3.594		2950	33.3	768	174.9
3444	4.094		2968	33.1	768	176.0
3445	3.500		2955	33.3	768	175.1
3446	3.562		2931	33.5	768	173.7
3447	3.734		2958	33.2	768	175.2
3448	3.609		2948	33.3	768	174.6
3449	3.703		2955	33.3	768	175.0
3450	3.844		2962	33.2	768	175.3
3451	3.719		2933	33.5	768	173.5
3452	3.672		2950	33.3	768	174.5
3453	3.750		2950	33.3	768	174.4
3454	3.781		2923	33.6	768	172.8
3455	3.688		2969	33.1	768	175.5
3456	3.469		2938	33.5	768	173.6
3457	4.000		2944	33.4	768	173.9
3458	3.688		2949	33.3	768	174.2
3459	3.797		2949	33.3	768	174.1
3460	3.609		2928	33.6	768	172.8
3461	3.938		2959	33.2	768	174.6
3462	3.781		2989	32.9	768	176.3
3463	3.703		2979	33.0	768	175.7
3464	3.859		2943	33.4	768	173.5
3465	3.906		2953	33.3	768	174.1
3466	3.641		2947	33.4	768	173.6
3467	3.594		2952	33.3	768	173.8
3468	3.438		2948	33.3	768	173.6
3469	3.469		2937	33.5	768	172.9
3470	3.875		2939	33.5	768	172.9
3471	4.281		2957	33.2	768	173.9
3472	3.781		2921	33.7	768	171.8
3473	3.922		2933	33.5	768	172.5
3474	3.891		2936	33.5	768	172.6
3475	3.922		2933	33.5	768	172.4
3476	4.094		2982	33.0	768	175.2
3477	3.766		2964	33.2	768	174.1
3478	3.844		2945	33.4	768	172.9
3479	4.125		2950	33.3	768	173.2
3480	3.984		2967	33.1	768	174.1
3481	4.500		2971	33.1	768	174.3
3482	4.219		2979	33.0	768	174.7
3483	4.031		2963	33.2	768	173.8
3484	3.828		2936	33.5	768	172.1
3485	3.797		2926	33.6	768	171.5
3486	3.781		2946	33.4	768	172.6
3487	3.828		2942	33.4	768	172.3
3488	4.062		2940	33.4	768	172.1
3489	3.828		2930	33.5	768	171.5
3490	3.922		2948	33.3	768	172.5
3491	3.719		2941	33.4	768	172.1
3492	3.859		2924	33.6	768	171.0
3493	3.859		2954	33.3	768	172.7
3494	3.938		2975	33.0	768	173.9
3495	3.406		2952	33.3	768	172.5
3496	3.875		2946	33.4	768	172.1
3497	3.812		2939	33.4	768	171.7
3498	3.969		2940	33.4	768	171.6
3499	3.812		2959	33.2	768	172.7
3500	3.906		2956	33.3	768	172.5
3501	3.906	3.871	3001	32.8	1024	175.1
Saved checkpoint at step 3500
3502	4.000		5793	17.0	1024	337.8
3503	3.797		2979	33.0	1024	173.7
3504	4.219		3004	32.7	1024	175.1
3505	3.922		3013	32.6	1024	175.5
3506	3.734		3047	32.3	1024	177.5
3507	3.891		3011	32.6	1024	175.4
3508	4.250		3031	32.4	1024	176.5
3509	3.953		2972	33.1	1024	173.0
3510	3.750		2970	33.1	1024	172.8
3511	3.766		2996	32.8	1024	174.3
3512	3.906		2994	32.8	1024	174.1
3513	4.000		3008	32.7	1024	174.9
3514	3.688		2992	32.9	1024	173.9
3515	3.688		2972	33.1	1024	172.7
3516	4.031		3049	32.2	1024	177.1
3517	4.031		2996	32.8	1024	174.0
3518	3.953		3008	32.7	1024	174.6
3519	3.594		3067	32.1	1024	178.0
3520	3.781		3005	32.7	1024	174.4
3521	3.719		2988	32.9	1024	173.3
3522	3.859		3020	32.5	1024	175.1
3523	4.125		3014	32.6	1024	174.7
3524	3.891		3059	32.1	1024	177.3
3525	3.766		3036	32.4	1024	175.9
3526	3.875		2927	33.6	1024	169.5
3527	4.094		3076	32.0	1024	178.1
3528	3.891		3031	32.4	1024	175.4
3529	4.375		3051	32.2	1024	176.6
3530	3.984		3047	32.3	1024	176.3
3531	3.688		3019	32.6	1024	174.6
3532	3.734		3005	32.7	1024	173.7
3533	3.953		2997	32.8	1024	173.2
3534	4.125		2982	33.0	1024	172.3
3535	3.812		2973	33.1	1024	171.7
3536	3.797		3022	32.5	1024	174.5
3537	3.906		3075	32.0	1024	177.5
3538	3.859		3042	32.3	1024	175.6
3539	3.734		3007	32.7	1024	173.5
3540	3.953		3050	32.2	1024	175.9
3541	3.859		2984	32.9	1024	172.1
3542	3.906		3010	32.7	1024	173.5
3543	3.797		3003	32.7	1024	173.1
3544	3.797		2968	33.1	1024	171.0
3545	3.812		2973	33.1	1024	171.3
3546	3.812		3025	32.5	1024	174.2
3547	3.969		2971	33.1	1024	171.0
3548	3.609		3006	32.7	1024	173.0
3549	3.875		2999	32.8	1024	172.6
3550	3.188		3080	31.9	1024	177.2
3551	3.516		3074	32.0	1024	176.7
3552	3.734		2956	33.3	1024	169.9
3553	3.906		3006	32.7	1024	172.7
3554	3.812		2969	33.1	1024	170.6
3555	3.719		3019	32.6	1024	173.4
3556	3.906		3004	32.7	1024	172.5
3557	3.781		3022	32.5	1024	173.5
3558	4.031		2966	33.1	1024	170.2
3559	3.844		2961	33.2	1024	169.8
3560	3.641		3013	32.6	1024	172.8
3561	3.797		2972	33.1	1024	170.4
3562	3.766		3000	32.8	1024	172.0
3563	3.672		2986	32.9	1024	171.1
3564	3.641		3068	32.0	1024	175.8
3565	3.984		2991	32.9	1024	171.3
3566	3.844		3050	32.2	1024	174.6
3567	3.766		3062	32.1	1024	175.2
3568	3.938		2939	33.5	1024	168.1
3569	3.969		2993	32.8	1024	171.2
3570	3.656		2969	33.1	1024	169.8
3571	3.922		2995	32.8	1024	171.2
3572	3.625		2980	33.0	1024	170.3
3573	3.938		2964	33.2	1024	169.4
3574	3.719		2976	33.0	1024	170.0
3575	4.062		3057	32.2	1024	174.6
3576	3.688		2983	33.0	1024	170.3
3577	3.891		2995	32.8	1024	170.9
3578	3.953		2964	33.2	1024	169.1
3579	3.969		2968	33.1	1024	169.3
3580	3.938		3008	32.7	1024	171.5
3581	4.156		3056	32.2	1024	174.2
3582	3.672		3056	32.2	1024	174.1
3583	3.797		2976	33.0	1024	169.5
3584	3.750		2992	32.9	1024	170.4
3585	3.797		2970	33.1	1024	169.1
3586	3.797		3025	32.5	1024	172.2
3587	3.688		2987	32.9	1024	170.0
3588	3.750		2983	33.0	1024	169.7
3589	3.875		3026	32.5	1024	172.1
3590	3.906		3065	32.1	1024	174.3
3591	3.750		3001	32.8	1024	170.6
3592	3.844		2957	33.2	1024	168.0
3593	4.156		3012	32.6	1024	171.1
3594	3.812		3002	32.7	1024	170.5
3595	3.969		2969	33.1	1024	168.5
3596	3.734		2953	33.3	1024	167.6
3597	3.781		2989	32.9	1024	169.6
3598	3.703		3007	32.7	1024	170.5
3599	3.859		3005	32.7	1024	170.4
3600	3.719		2994	32.8	1024	169.7
3601	3.906		3002	32.7	1024	170.1
3602	3.859		2990	32.9	1024	169.4
3603	3.875		3019	32.6	1024	171.0
3604	3.750		3018	32.6	1024	170.9
3605	3.734		2997	32.8	1024	169.6
3606	4.125		3029	32.5	1024	171.4
3607	3.828		3011	32.6	1024	170.3
3608	3.734		3010	32.7	1024	170.2
3609	3.703		2986	32.9	1024	168.8
3610	3.688		2964	33.2	1024	167.5
3611	3.719		3003	32.7	1024	169.7
3612	3.484		3016	32.6	1024	170.3
3613	3.484		2992	32.9	1024	168.9
3614	3.922		2973	33.1	1024	167.8
3615	3.938		2980	33.0	1024	168.2
3616	3.766		3045	32.3	1024	171.8
3617	4.188		3036	32.4	1024	171.3
3618	3.500		3020	32.5	1024	170.3
3619	3.688		3027	32.5	1024	170.6
3620	3.688		2996	32.8	1024	168.8
3621	3.766		3011	32.6	1024	169.6
3622	3.609		3013	32.6	1024	169.7
3623	3.797		2994	32.8	1024	168.6
3624	3.672		2986	32.9	1024	168.0
3625	3.719		3010	32.7	1024	169.4
3626	3.891		3010	32.7	1024	169.3
3627	3.703		2993	32.8	1024	168.3
3628	3.969		3010	32.7	1024	169.2
3629	3.781		3012	32.6	1024	169.3
3630	3.781		2995	32.8	1024	168.3
3631	3.781		2992	32.9	1024	168.0
3632	3.891		2985	32.9	1024	167.6
3633	3.891		2981	33.0	1024	167.3
3634	3.734		3017	32.6	1024	169.3
3635	3.781		2964	33.2	1024	166.3
3636	3.844		2994	32.8	1024	167.9
3637	3.453		2978	33.0	1024	167.0
3638	3.922		2949	33.3	1024	165.3
3639	4.031		3031	32.4	1024	169.8
3640	3.812		3007	32.7	1024	168.4
3641	3.562		2994	32.8	1024	167.6
3642	3.312		3033	32.4	1024	169.8
3643	3.875		3012	32.6	1024	168.6
3644	3.766		3005	32.7	1024	168.2
3645	3.703		2972	33.1	1024	166.2
3646	3.703		2959	33.2	1024	165.5
3647	3.734		3048	32.3	1024	170.4
3648	3.969		3073	32.0	1024	171.8
3649	3.828		2988	32.9	1024	166.9
3650	3.844		3052	32.2	1024	170.4
3651	3.719		2963	33.2	1024	165.4
3652	3.453		3057	32.2	1024	170.6
3653	3.609		3027	32.5	1024	168.9
3654	3.812		3022	32.5	1024	168.6
3655	3.828		3001	32.8	1024	167.3
3656	3.781		2980	33.0	1024	166.1
3657	3.859		3014	32.6	1024	168.0
3658	3.641		3015	32.6	1024	168.0
3659	3.891		3031	32.4	1024	168.8
3660	3.625		3040	32.3	1024	169.3
3661	3.594		3050	32.2	1024	169.8
3662	3.562		3011	32.7	1024	167.5
3663	3.750		3028	32.5	1024	168.4
3664	3.594		2996	32.8	1024	166.6
3665	3.953		3086	31.9	1024	171.6
3666	3.484		2984	32.9	1024	165.9
3667	3.688		3020	32.6	1024	167.8
3668	3.672		3044	32.3	1024	169.1
3669	3.750		2955	33.3	1024	164.1
3670	3.484		2968	33.1	1024	164.8
3671	3.781		3014	32.6	1024	167.3
3672	3.453		3044	32.3	1024	168.9
3673	3.578		2984	32.9	1024	165.5
3674	3.594		3038	32.4	1024	168.4
3675	3.547		3003	32.7	1024	166.5
3676	3.797		2982	33.0	1024	165.2
3677	4.031		3023	32.5	1024	167.5
3678	3.828		3019	32.6	1024	167.2
3679	3.656		3030	32.4	1024	167.8
3680	3.719		3017	32.6	1024	167.0
3681	3.516		3020	32.5	1024	167.1
3682	3.797		2989	32.9	1024	165.3
3683	3.688		3036	32.4	1024	167.9
3684	3.578		2990	32.9	1024	165.3
3685	3.656		3050	32.2	1024	168.6
3686	3.750		3046	32.3	1024	168.3
3687	3.703		3006	32.7	1024	166.0
3688	3.688		3009	32.7	1024	166.1
3689	3.625		3009	32.7	1024	166.1
3690	3.547		2986	32.9	1024	164.8
3691	3.766		2986	32.9	1024	164.7
3692	3.641		3028	32.5	1024	167.0
3693	3.688		3025	32.5	1024	166.8
3694	3.781		2992	32.9	1024	164.9
3695	3.625		2994	32.8	1024	165.0
3696	3.812		2977	33.0	1024	164.0
3697	3.500		2960	33.2	1024	163.0
3698	3.984		3012	32.6	1024	165.8
3699	3.797		3016	32.6	1024	166.0
3700	3.406		3035	32.4	1024	167.0
3701	3.625		3010	32.7	1024	165.6
3702	3.828		3022	32.5	1024	166.1
3703	3.656		3066	32.1	1024	168.5
3704	3.734		3039	32.3	1024	167.0
3705	3.922		3009	32.7	1024	165.3
3706	4.062		3032	32.4	1024	166.5
3707	3.234		2994	32.8	1024	164.4
3708	3.469		2989	32.9	1024	164.0
3709	3.859		2979	33.0	1024	163.4
3710	3.469		3000	32.8	1024	164.6
3711	4.031		3041	32.3	1024	166.7
3712	3.797		3037	32.4	1024	166.5
3713	3.734		3006	32.7	1024	164.7
3714	3.656		3002	32.7	1024	164.5
3715	4.188		3003	32.7	1024	164.5
3716	3.438		3014	32.6	1024	165.0
3717	3.906		2995	32.8	1024	163.9
3718	3.875		3004	32.7	1024	164.4
3719	4.031		3013	32.6	1024	164.8
3720	3.641		2981	33.0	1024	163.0
3721	4.188		3042	32.3	1024	166.3
3722	3.766		2964	33.2	1024	162.0
3723	4.531		3098	31.7	1024	169.3
3724	3.844		3057	32.2	1024	166.9
3725	3.891		3004	32.7	1024	164.0
3726	3.938		3052	32.2	1024	166.6
3727	3.953		3069	32.0	1024	167.5
3728	3.984		2981	33.0	1024	162.6
3729	3.875		3039	32.4	1024	165.7
3730	3.703		3000	32.8	1024	163.5
3731	4.031		2992	32.9	1024	163.1
3732	3.828		2991	32.9	1024	163.0
3733	3.750		3013	32.6	1024	164.1
3734	4.250		3124	31.5	1024	170.1
3735	3.891		3013	32.6	1024	164.0
3736	3.672		3086	31.9	1024	167.9
3737	3.938		2979	33.0	1024	162.0
3738	4.031		3018	32.6	1024	164.2
3739	3.938		3022	32.5	1024	164.3
3740	3.812		3037	32.4	1024	165.1
3741	3.609		3067	32.0	1024	166.7
3742	3.688		3043	32.3	1024	165.3
3743	4.219		3001	32.8	1024	162.9
3744	3.875		3024	32.5	1024	164.1
3745	3.625		3033	32.4	1024	164.6
3746	3.719		3030	32.4	1024	164.4
3747	3.922		3041	32.3	1024	164.9
3748	4.031		3040	32.3	1024	164.8
3749	3.844		3015	32.6	1024	163.4
3750	3.594		3030	32.4	1024	164.2
3751	3.734	3.887	3004	32.7	1024	162.7
3752	3.797		2972	33.1	1024	160.9
3753	3.750		2972	33.1	1024	160.9
3754	3.906		3027	32.5	1024	163.8
3755	3.688		3009	32.7	1024	162.8
3756	3.859		3036	32.4	1024	164.2
3757	3.719		2997	32.8	1024	162.0
3758	3.859		2994	32.8	1024	161.8
3759	3.828		2990	32.9	1024	161.6
3760	3.859		3041	32.3	1024	164.3
3761	3.797		3027	32.5	1024	163.4
3762	3.859		2992	32.9	1024	161.5
3763	3.859		3001	32.8	1024	161.9
3764	3.812		3038	32.4	1024	163.9
3765	3.953		2990	32.9	1024	161.3
3766	3.750		2976	33.0	1024	160.5
3767	4.031		3031	32.4	1024	163.4
3768	3.578		3008	32.7	1024	162.1
3769	4.031		3038	32.4	1024	163.6
3770	4.062		3014	32.6	1024	162.3
3771	3.719		3002	32.7	1024	161.6
3772	3.844		3044	32.3	1024	163.8
3773	3.844		3007	32.7	1024	161.8
3774	3.641		3071	32.0	1024	165.2
3775	4.062		3045	32.3	1024	163.7
3776	3.938		3052	32.2	1024	164.1
3777	3.938		2958	33.2	1024	158.9
3778	3.766		3001	32.8	1024	161.2
3779	3.938		3023	32.5	1024	162.3
3780	3.672		3041	32.3	1024	163.2
3781	3.906		3057	32.2	1024	164.0
3782	3.875		3015	32.6	1024	161.8
3783	3.797		2972	33.1	1024	159.4
3784	3.719		3031	32.4	1024	162.5
3785	5.156		3051	32.2	1024	163.5
3786	3.828		2999	32.8	1024	160.7
3787	3.922		3020	32.6	1024	161.8
3788	3.719		2997	32.8	1024	160.5
3789	3.766		3008	32.7	1024	161.0
3790	4.094		3059	32.1	1024	163.7
3791	3.766		3001	32.8	1024	160.5
3792	3.781		2960	33.2	1024	158.3
3793	3.562		2986	32.9	1024	159.6
3794	3.578		2983	33.0	1024	159.4
3795	4.219		2994	32.8	1024	160.0
3796	3.391		3007	32.7	1024	160.6
3797	3.750		3018	32.6	1024	161.2
3798	3.969		3025	32.5	1024	161.5
3799	3.625		3036	32.4	1024	162.0
3800	3.812		2966	33.1	1024	158.2
3801	3.609		2999	32.8	1024	159.9
3802	3.781		2995	32.8	1024	159.7
3803	3.891		3020	32.5	1024	161.0
3804	3.891		2990	32.9	1024	159.3
3805	3.656		2987	32.9	1024	159.1
3806	3.922		2965	33.2	1024	157.9
3807	3.875		2996	32.8	1024	159.5
3808	3.766		3010	32.7	1024	160.2
3809	3.844		3041	32.3	1024	161.8
3810	3.969		2972	33.1	1024	158.1
3811	3.875		2997	32.8	1024	159.3
3812	3.641		2996	32.8	1024	159.3
3813	3.703		3161	31.1	1024	168.0
3814	3.688		3041	32.3	1024	161.5
3815	3.875		2975	33.0	1024	158.0
3816	4.156		3093	31.8	1024	164.2
3817	3.859		2981	33.0	1024	158.2
3818	3.844		3009	32.7	1024	159.6
3819	3.672		3000	32.8	1024	159.1
3820	3.422		2995	32.8	1024	158.8
3821	3.828		2976	33.0	1024	157.7
3822	3.797		2968	33.1	1024	157.2
3823	3.938		3000	32.8	1024	158.9
3824	3.938		2976	33.0	1024	157.6
3825	3.938		3004	32.7	1024	159.0
3826	3.781		3050	32.2	1024	161.4
3827	4.031		2979	33.0	1024	157.6
3828	4.094		3034	32.4	1024	160.4
3829	3.750		3035	32.4	1024	160.4
3830	3.906		2983	33.0	1024	157.6
3831	3.969		3147	31.2	1024	166.2
3832	3.875		3027	32.5	1024	159.9
3833	3.844		2975	33.0	1024	157.1
3834	4.281		3026	32.5	1024	159.7
3835	3.844		3029	32.5	1024	159.8
3836	3.875		3022	32.5	1024	159.4
3837	3.938		3033	32.4	1024	159.9
3838	3.953		3011	32.7	1024	158.7
3839	3.750		2991	32.9	1024	157.6
3840	3.969		2965	33.2	1024	156.2
3841	3.906		2942	33.4	1024	155.0
3842	3.766		2991	32.9	1024	157.5
3843	3.828		2947	33.4	1024	155.1
3844	3.859		2954	33.3	1024	155.4
3845	3.844		2988	32.9	1024	157.2
3846	3.594		2971	33.1	1024	156.2
3847	3.547		2972	33.1	1024	156.2
3848	3.672		3006	32.7	1024	158.0
3849	3.812		2962	33.2	1024	155.6
3850	3.703		3010	32.7	1024	158.1
3851	3.719		3002	32.7	1024	157.6
3852	3.891		3011	32.7	1024	158.0
3853	3.859		2996	32.8	1024	157.2
3854	3.859		3000	32.8	1024	157.3
3855	3.922		2980	33.0	1024	156.3
3856	3.828		2970	33.1	1024	155.7
3857	3.953		2992	32.9	1024	156.8
3858	3.562		3005	32.7	1024	157.4
3859	3.703		2999	32.8	1024	157.0
3860	3.969		2980	33.0	1024	156.0
3861	3.938		3040	32.3	1024	159.1
3862	3.719		3040	32.3	1024	159.1
3863	3.828		2998	32.8	1024	156.8
3864	3.891		3023	32.5	1024	158.0
3865	4.000		3033	32.4	1024	158.6
3866	3.766		3058	32.2	1024	159.8
3867	3.875		3035	32.4	1024	158.5
3868	3.828		3027	32.5	1024	158.0
3869	3.781		2979	33.0	1024	155.5
3870	4.000		2997	32.8	1024	156.4
3871	3.625		2968	33.1	1024	154.8
3872	3.328		3081	31.9	1024	160.7
3873	4.094		3056	32.2	1024	159.3
3874	3.938		3035	32.4	1024	158.2
3875	4.000		3008	32.7	1024	156.7
3876	3.906		3004	32.7	1024	156.5
3877	4.031		3009	32.7	1024	156.7
3878	3.812		2985	32.9	1024	155.4
3879	3.797		2968	33.1	1024	154.4
3880	3.828		3013	32.6	1024	156.7
3881	3.891		3055	32.2	1024	158.9
3882	3.844		3015	32.6	1024	156.7
3883	3.734		2974	33.1	1024	154.5
3884	3.969		2982	33.0	1024	154.9
3885	3.719		2962	33.2	1024	153.8
3886	3.766		3012	32.6	1024	156.4
3887	3.891		2974	33.1	1024	154.3
3888	3.766		2987	32.9	1024	155.0
3889	4.000		3030	32.4	1024	157.2
3890	3.672		2992	32.9	1024	155.1
3891	3.938		2994	32.8	1024	155.2
3892	3.750		2976	33.0	1024	154.2
3893	3.578		2998	32.8	1024	155.3
3894	3.875		2981	33.0	1024	154.4
3895	3.688		2979	33.0	1024	154.2
3896	3.891		3000	32.8	1024	155.2
3897	3.719		3003	32.7	1024	155.4
3898	3.891		3018	32.6	1024	156.1
3899	3.719		2982	33.0	1024	154.2
3900	4.344		3047	32.3	1024	157.5
3901	3.750		2990	32.9	1024	154.5
3902	3.625		2990	32.9	1024	154.4
3903	3.547		2971	33.1	1024	153.4
3904	3.609		3009	32.7	1024	155.3
3905	3.719		2990	32.9	1024	154.3
3906	3.578		2977	33.0	1024	153.6
3907	3.859		3048	32.2	1024	157.2
3908	3.672		2988	32.9	1024	154.0
3909	3.547		3016	32.6	1024	155.4
3910	3.359		3026	32.5	1024	155.9
3911	4.062		3066	32.1	1024	157.9
3912	3.703		3040	32.3	1024	156.5
3913	3.375		3013	32.6	1024	155.1
3914	3.766		3030	32.4	1024	155.9
3915	3.562		3012	32.6	1024	154.9
3916	3.609		3008	32.7	1024	154.7
3917	3.766		3021	32.5	1024	155.3
3918	3.344		3046	32.3	1024	156.5
3919	3.719		3015	32.6	1024	154.9
3920	3.641		3001	32.8	1024	154.1
3921	3.703		2994	32.8	1024	153.7
3922	3.328		3036	32.4	1024	155.8
3923	3.906		3085	31.9	1024	158.3
3924	3.984		3057	32.2	1024	156.8
3925	3.609		2978	33.0	1024	152.7
3926	3.938		3025	32.5	1024	155.0
3927	3.766		2999	32.8	1024	153.6
3928	3.578		3008	32.7	1024	154.0
3929	3.609		3004	32.7	1024	153.8
3930	3.609		3002	32.7	1024	153.7
3931	3.219		2984	32.9	1024	152.7
3932	3.609		2983	33.0	1024	152.6
3933	3.484		2974	33.1	1024	152.1
3934	3.891		3049	32.2	1024	155.9
3935	3.703		3007	32.7	1024	153.6
3936	3.359		3094	31.8	1024	158.1
3937	3.750		3129	31.4	1024	159.8
3938	3.812		3069	32.0	1024	156.7
3939	3.734		2980	33.0	1024	152.1
3940	3.672		2999	32.8	1024	153.0
3941	3.578		3022	32.5	1024	154.1
3942	3.750		2986	32.9	1024	152.3
3943	3.781		2995	32.8	1024	152.7
3944	3.812		2993	32.8	1024	152.5
3945	3.688		2982	33.0	1024	151.9
3946	3.781		2996	32.8	1024	152.6
3947	3.875		2985	32.9	1024	151.9
3948	3.609		2988	32.9	1024	152.1
3949	3.672		2978	33.0	1024	151.5
3950	3.781		2970	33.1	1024	151.0
3951	3.781		3072	32.0	1024	156.1
3952	3.500		2996	32.8	1024	152.2
3953	3.469		3044	32.3	1024	154.6
3954	4.156		3052	32.2	1024	155.0
3955	3.672		2993	32.8	1024	151.9
3956	3.281		2978	33.0	1024	151.1
3957	3.672		2982	33.0	1024	151.3
3958	3.594		2994	32.8	1024	151.9
3959	3.594		3044	32.3	1024	154.3
3960	3.719		2979	33.0	1024	151.0
3961	3.516		2966	33.1	1024	150.3
3962	3.672		3015	32.6	1024	152.7
3963	3.344		3009	32.7	1024	152.3
3964	3.594		2996	32.8	1024	151.6
3965	4.062		3068	32.0	1024	155.3
3966	3.656		3043	32.3	1024	153.9
3967	4.000		3018	32.6	1024	152.6
3968	3.750		2976	33.0	1024	150.4
3969	3.656		2987	32.9	1024	151.0
3970	3.625		3057	32.2	1024	154.5
3971	3.906		2994	32.8	1024	151.2
3972	3.594		2990	32.9	1024	150.9
3973	3.766		3062	32.1	1024	154.5
3974	3.766		2989	32.9	1024	150.8
3975	3.766		2988	32.9	1024	150.7
3976	4.156		3057	32.2	1024	154.1
3977	3.938		2993	32.9	1024	150.8
3978	3.609		3003	32.7	1024	151.3
3979	3.844		3023	32.5	1024	152.3
3980	3.688		3024	32.5	1024	152.3
3981	4.094		3043	32.3	1024	153.2
3982	3.750		2998	32.8	1024	150.8
3983	3.844		3007	32.7	1024	151.3
3984	3.859		2968	33.1	1024	149.3
3985	3.797		3015	32.6	1024	151.5
3986	3.812		3040	32.3	1024	152.8
3987	3.703		3021	32.5	1024	151.8
3988	3.891		2955	33.3	1024	148.4
3989	3.828		2984	32.9	1024	149.8
3990	3.953		2989	32.9	1024	150.0
3991	3.656		3005	32.7	1024	150.7
3992	3.922		3017	32.6	1024	151.3
3993	4.031		2973	33.1	1024	149.1
3994	4.000		3020	32.5	1024	151.4
3995	3.953		3021	32.5	1024	151.4
3996	3.719		3035	32.4	1024	152.0
3997	3.922		3022	32.5	1024	151.3
3998	3.906		3014	32.6	1024	150.9
3999	3.734		3042	32.3	1024	152.2
4000	3.812		3025	32.5	1024	151.3
4001	3.766	3.842	3018	32.6	1024	150.9
Saved checkpoint at step 4000
4002	3.906		5779	17.0	1024	288.9
4003	3.578		3007	32.7	1024	150.3
4004	3.781		2972	33.1	1024	148.4
4005	3.906		2972	33.1	1024	148.4
4006	3.875		3028	32.5	1024	151.1
4007	3.781		2998	32.8	1024	149.6
4008	5.031		3056	32.2	1024	152.5
4009	3.656		2963	33.2	1024	147.8
4010	4.000		3035	32.4	1024	151.3
4011	4.062		3028	32.5	1024	150.9
4012	3.750		2937	33.5	1024	146.3
4013	3.875		2952	33.3	1024	147.0
4014	3.906		3006	32.7	1024	149.6
4015	3.844		2968	33.1	1024	147.7
4016	3.875		3016	32.6	1024	150.1
4017	3.812		3013	32.6	1024	149.8
4018	3.953		3032	32.4	1024	150.7
4019	3.828		3042	32.3	1024	151.2
4020	3.609		2994	32.8	1024	148.7
4021	3.688		2984	32.9	1024	148.2
4022	3.859		2972	33.1	1024	147.6
4023	3.688		3018	32.6	1024	149.8
4024	3.812		3008	32.7	1024	149.2
4025	3.844		2989	32.9	1024	148.3
4026	4.094		3041	32.3	1024	150.8
4027	3.953		2980	33.0	1024	147.7
4028	3.844		2942	33.4	1024	145.8
4029	3.875		2989	32.9	1024	148.0
4030	3.750		3014	32.6	1024	149.3
4031	3.797		3063	32.1	1024	151.6
4032	4.250		3068	32.0	1024	151.8
4033	3.875		2986	32.9	1024	147.7
4034	3.844		2970	33.1	1024	146.9
4035	3.844		2974	33.1	1024	147.0
4036	3.859		3022	32.5	1024	149.4
4037	3.703		2985	32.9	1024	147.4
4038	3.812		3013	32.6	1024	148.8
4039	3.422		3005	32.7	1024	148.3
4040	3.594		2978	33.0	1024	147.0
4041	3.766		3010	32.7	1024	148.5
4042	3.812		2993	32.8	1024	147.6
4043	3.766		2997	32.8	1024	147.8
4044	3.844		2943	33.4	1024	145.0
4045	3.703		2953	33.3	1024	145.5
4046	3.859		2982	33.0	1024	146.9
4047	4.406		3011	32.6	1024	148.2
4048	3.906		2992	32.9	1024	147.3
4049	4.000		3013	32.6	1024	148.2
4050	4.219		3049	32.2	1024	150.0
4051	3.781		2973	33.1	1024	146.2
4052	3.938		3027	32.5	1024	148.8
4053	4.250		3154	31.2	1024	154.9
4054	3.969		3019	32.6	1024	148.3
4055	3.828		2994	32.8	1024	147.0
4056	3.656		3047	32.3	1024	149.5
4057	3.984		3028	32.5	1024	148.6
4058	3.625		3014	32.6	1024	147.9
4059	3.969		2982	33.0	1024	146.2
4060	3.938		2992	32.9	1024	146.6
4061	4.625		3079	31.9	1024	150.9
4062	3.906		2987	32.9	1024	146.3
4063	4.031		3056	32.2	1024	149.6
4064	3.953		3007	32.7	1024	147.2
4065	3.812		2969	33.1	1024	145.3
4066	4.406		3048	32.3	1024	149.1
4067	3.812		3016	32.6	1024	147.5
4068	4.031		2944	33.4	1024	143.9
4069	4.062		2983	33.0	1024	145.8
4070	3.844		2957	33.2	1024	144.5
4071	3.969		3047	32.3	1024	148.8
4072	3.875		3041	32.3	1024	148.4
4073	3.938		2989	32.9	1024	145.9
4074	3.875		3040	32.3	1024	148.3
4075	3.828		3076	32.0	1024	150.0
4076	3.734		2972	33.1	1024	144.9
4077	3.750		2988	32.9	1024	145.6
4078	3.781		2970	33.1	1024	144.7
4079	3.859		2974	33.1	1024	144.9
4080	3.828		2935	33.5	1024	142.9
4081	3.953		3035	32.4	1024	147.7
4082	3.625		3037	32.4	1024	147.8
4083	3.703		2993	32.8	1024	145.5
4084	3.766		2998	32.8	1024	145.7
4085	3.875		3018	32.6	1024	146.7
4086	3.641		3018	32.6	1024	146.6
4087	3.734		3010	32.7	1024	146.2
4088	3.828		2972	33.1	1024	144.3
4089	3.859		2987	32.9	1024	145.0
4090	3.844		2960	33.2	1024	143.6
4091	4.000		2993	32.8	1024	145.1
4092	3.594		3000	32.8	1024	145.4
4093	3.734		2976	33.0	1024	144.2
4094	3.859		3012	32.6	1024	145.9
4095	3.781		2981	33.0	1024	144.4
4096	4.000		3001	32.8	1024	145.3
4097	3.797		3042	32.3	1024	147.2
4098	3.750		2995	32.8	1024	144.9
4099	3.578		2989	32.9	1024	144.6
4100	3.703		3045	32.3	1024	147.2
4101	4.250		3045	32.3	1024	147.2
4102	3.859		2999	32.8	1024	144.9
4103	3.922		2991	32.9	1024	144.5
4104	3.562		2963	33.2	1024	143.1
4105	3.516		3017	32.6	1024	145.6
4106	3.797		2961	33.2	1024	142.9
4107	3.891		2982	33.0	1024	143.8
4108	4.000		3014	32.6	1024	145.3
4109	3.703		3006	32.7	1024	144.9
4110	3.656		2970	33.1	1024	143.1
4111	3.844		2938	33.5	1024	141.5
4112	3.750		2976	33.0	1024	143.3
4113	3.984		3037	32.4	1024	146.2
4114	3.688		2995	32.8	1024	144.1
4115	3.656		2960	33.2	1024	142.4
4116	3.844		2989	32.9	1024	143.7
4117	3.875		2964	33.2	1024	142.5
4118	3.828		3000	32.8	1024	144.2
4119	3.953		3036	32.4	1024	145.8
4120	3.750		2986	32.9	1024	143.4
4121	3.781		2998	32.8	1024	143.9
4122	3.781		2990	32.9	1024	143.5
4123	3.812		2985	32.9	1024	143.2
4124	3.938		3020	32.5	1024	144.8
4125	3.750		2974	33.1	1024	142.6
4126	3.766		2997	32.8	1024	143.6
4127	3.812		2980	33.0	1024	142.8
4128	3.953		2962	33.2	1024	141.8
4129	3.797		2998	32.8	1024	143.5
4130	3.938		3034	32.4	1024	145.2
4131	3.828		2977	33.0	1024	142.4
4132	3.859		2968	33.1	1024	141.9
4133	3.953		3015	32.6	1024	144.1
4134	3.438		2984	32.9	1024	142.6
4135	3.953		3000	32.8	1024	143.3
4136	3.719		3022	32.5	1024	144.3
4137	3.844		3045	32.3	1024	145.3
4138	3.531		3006	32.7	1024	143.4
4139	3.719		2978	33.0	1024	142.1
4140	3.781		2988	32.9	1024	142.5
4141	3.656		3028	32.5	1024	144.3
4142	3.688		2975	33.0	1024	141.8
4143	3.703		2971	33.1	1024	141.5
4144	3.781		3055	32.2	1024	145.5
4145	3.750		3052	32.2	1024	145.3
4146	3.656		2988	32.9	1024	142.2
4147	3.656		2963	33.2	1024	140.9
4148	3.781		2987	32.9	1024	142.0
4149	3.781		3051	32.2	1024	145.0
4150	3.641		3014	32.6	1024	143.2
4151	3.672		2979	33.0	1024	141.5
4152	3.703		3014	32.6	1024	143.1
4153	3.875		3016	32.6	1024	143.1
4154	3.594		3031	32.4	1024	143.8
4155	3.703		2979	33.0	1024	141.3
4156	3.641		3009	32.7	1024	142.7
4157	3.562		2998	32.8	1024	142.1
4158	3.938		2978	33.0	1024	141.1
4159	3.516		3001	32.8	1024	142.1
4160	4.250		3152	31.2	1024	149.3
4161	3.750		2996	32.8	1024	141.8
4162	3.531		3008	32.7	1024	142.3
4163	3.562		2986	32.9	1024	141.3
4164	3.344		3017	32.6	1024	142.6
4165	3.781		3008	32.7	1024	142.2
4166	3.766		3030	32.4	1024	143.2
4167	3.812		3023	32.5	1024	142.8
4168	3.938		3035	32.4	1024	143.3
4169	3.703		2989	32.9	1024	141.1
4170	3.484		3008	32.7	1024	141.9
4171	3.922		3034	32.4	1024	143.1
4172	3.578		3001	32.8	1024	141.5
4173	3.625		3016	32.6	1024	142.1
4174	3.750		2986	32.9	1024	140.7
4175	3.781		2995	32.8	1024	141.1
4176	3.641		3017	32.6	1024	142.1
4177	3.703		3019	32.6	1024	142.1
4178	3.766		3030	32.4	1024	142.6
4179	3.562		3002	32.7	1024	141.2
4180	3.516		3013	32.6	1024	141.6
4181	3.859		2980	33.0	1024	140.1
4182	3.719		3000	32.8	1024	141.0
4183	3.812		3028	32.5	1024	142.2
4184	3.594		2989	32.9	1024	140.4
4185	3.688		3018	32.6	1024	141.6
4186	3.328		2994	32.8	1024	140.5
4187	3.500		3006	32.7	1024	141.0
4188	3.547		3005	32.7	1024	140.9
4189	3.844		3004	32.7	1024	140.8
4190	3.500		2965	33.1	1024	138.9
4191	4.281		3095	31.8	1024	145.0
4192	3.656		3046	32.3	1024	142.6
4193	3.484		2999	32.8	1024	140.4
4194	3.562		2967	33.1	1024	138.8
4195	3.797		2979	33.0	1024	139.3
4196	3.578		2975	33.0	1024	139.1
4197	3.781		2994	32.8	1024	139.9
4198	3.672		3055	32.2	1024	142.7
4199	3.281		2998	32.8	1024	140.0
4200	3.859		3020	32.6	1024	141.0
4201	3.688		3037	32.4	1024	141.7
4202	3.578		2993	32.8	1024	139.6
4203	3.875		3011	32.7	1024	140.4
4204	3.672		3016	32.6	1024	140.6
4205	3.922		2980	33.0	1024	138.9
4206	3.703		2975	33.0	1024	138.6
4207	3.781		2999	32.8	1024	139.6
4208	3.406		2977	33.0	1024	138.6
4209	3.562		2970	33.1	1024	138.2
4210	3.750		3009	32.7	1024	140.0
4211	3.750		3010	32.7	1024	140.0
4212	3.703		3005	32.7	1024	139.7
4213	3.500		2991	32.9	1024	139.0
4214	3.891		3033	32.4	1024	140.9
4215	4.000		3020	32.6	1024	140.2
4216	3.781		2997	32.8	1024	139.1
4217	3.375		3066	32.1	1024	142.3
4218	3.844		2980	33.0	1024	138.2
4219	3.828		2958	33.2	1024	137.1
4220	3.641		2961	33.2	1024	137.2
4221	4.094		2993	32.8	1024	138.7
4222	3.969		3048	32.2	1024	141.2
4223	3.828		3000	32.8	1024	138.9
4224	3.797		3012	32.6	1024	139.4
4225	3.500		3009	32.7	1024	139.2
4226	3.812		3019	32.6	1024	139.6
4227	3.750		2997	32.8	1024	138.6
4228	4.031		2974	33.1	1024	137.5
4229	3.703		2945	33.4	1024	136.1
4230	3.891		2973	33.1	1024	137.3
4231	4.031		2979	33.0	1024	137.6
4232	4.125		3011	32.6	1024	139.0
4233	3.859		3060	32.1	1024	141.2
4234	3.688		3014	32.6	1024	139.0
4235	3.625		2981	33.0	1024	137.4
4236	3.891		2991	32.9	1024	137.8
4237	3.781		2974	33.1	1024	137.0
4238	3.750		2970	33.1	1024	136.8
4239	3.797		2968	33.1	1024	136.6
4240	3.703		3006	32.7	1024	138.3
4241	3.891		2991	32.9	1024	137.6
4242	4.000		3028	32.5	1024	139.2
4243	4.406		3056	32.2	1024	140.5
4244	4.125		3026	32.5	1024	139.0
4245	3.953		2964	33.2	1024	136.2
4246	3.672		2998	32.8	1024	137.6
4247	4.094		3050	32.2	1024	140.0
4248	3.953		2981	33.0	1024	136.8
4249	3.953		2977	33.0	1024	136.5
4250	3.672		2997	32.8	1024	137.4
4251	3.875	3.834	2991	32.9	1024	137.1
4252	3.812		2968	33.1	1024	136.0
4253	4.375		3050	32.2	1024	139.7
4254	3.859		2979	33.0	1024	136.4
4255	3.953		2989	32.9	1024	136.8
4256	3.672		3016	32.6	1024	138.0
4257	3.844		3008	32.7	1024	137.6
4258	4.094		3004	32.7	1024	137.3
4259	3.578		2966	33.1	1024	135.6
4260	3.984		3016	32.6	1024	137.8
4261	3.953		3035	32.4	1024	138.6
4262	3.891		3020	32.6	1024	137.8
4263	3.875		2992	32.9	1024	136.6
4264	4.094		2974	33.1	1024	135.7
4265	4.094		3029	32.5	1024	138.1
4266	3.750		2957	33.2	1024	134.8
4267	3.641		3005	32.7	1024	136.9
4268	3.688		3051	32.2	1024	139.0
4269	3.500		3007	32.7	1024	136.9
4270	3.797		2954	33.3	1024	134.5
4271	3.766		2998	32.8	1024	136.4
4272	4.094		3004	32.7	1024	136.6
4273	3.984		3102	31.7	1024	141.0
4274	3.703		3010	32.7	1024	136.8
4275	3.750		2930	33.6	1024	133.1
4276	3.859		3019	32.6	1024	137.1
4277	3.766		3054	32.2	1024	138.7
4278	4.062		3028	32.5	1024	137.4
4279	3.875		3030	32.4	1024	137.5
4280	3.734		2991	32.9	1024	135.7
4281	3.703		2992	32.9	1024	135.6
4282	3.906		2979	33.0	1024	135.0
4283	4.531		3069	32.0	1024	139.0
4284	3.719		2980	33.0	1024	134.9
4285	3.891		3024	32.5	1024	136.9
4286	3.672		3064	32.1	1024	138.7
4287	4.094		3053	32.2	1024	138.1
4288	3.734		3010	32.7	1024	136.1
4289	3.906		2974	33.1	1024	134.4
4290	3.766		2991	32.9	1024	135.1
4291	3.812		2990	32.9	1024	135.1
4292	3.797		2942	33.4	1024	132.8
4293	4.000		3010	32.7	1024	135.9
4294	3.625		3013	32.6	1024	135.9
4295	3.906		3038	32.4	1024	137.0
4296	3.625		3002	32.7	1024	135.3
4297	3.875		2996	32.8	1024	135.0
4298	3.734		2994	32.8	1024	134.9
4299	3.734		3020	32.5	1024	136.0
4300	3.828		3001	32.8	1024	135.1
4301	3.906		2991	32.9	1024	134.6
4302	3.641		3020	32.5	1024	135.9
4303	3.750		2976	33.0	1024	133.8
4304	4.031		3004	32.7	1024	135.0
4305	3.688		3026	32.5	1024	136.0
4306	3.859		3022	32.5	1024	135.7
4307	3.797		3026	32.5	1024	135.9
4308	3.906		2988	32.9	1024	134.1
4309	3.875		2956	33.3	1024	132.6
4310	3.750		2936	33.5	1024	131.7
4311	3.594		2993	32.8	1024	134.2
4312	3.734		3080	31.9	1024	138.0
4313	4.312		3027	32.5	1024	135.6
4314	3.781		3007	32.7	1024	134.7
4315	3.906		3009	32.7	1024	134.7
4316	3.875		3018	32.6	1024	135.1
4317	3.828		2985	32.9	1024	133.5
4318	3.812		3000	32.8	1024	134.2
4319	3.906		2993	32.8	1024	133.8
4320	3.750		2987	32.9	1024	133.5
4321	3.891		3019	32.6	1024	134.8
4322	3.609		2980	33.0	1024	133.1
4323	3.469		2981	33.0	1024	133.1
4324	3.859		3053	32.2	1024	136.2
4325	4.156		3029	32.5	1024	135.1
4326	3.875		3012	32.6	1024	134.3
4327	3.750		2961	33.2	1024	131.9
4328	3.922		3018	32.6	1024	134.5
4329	3.828		2956	33.3	1024	131.7
4330	3.625		2988	32.9	1024	133.0
4331	4.000		2986	32.9	1024	132.9
4332	3.734		3016	32.6	1024	134.2
4333	3.578		2995	32.8	1024	133.2
4334	3.812		2989	32.9	1024	132.8
4335	3.844		3012	32.6	1024	133.8
4336	3.828		3007	32.7	1024	133.6
4337	3.781		2974	33.1	1024	132.0
4338	3.734		3053	32.2	1024	135.5
4339	3.891		2991	32.9	1024	132.7
4340	3.719		3000	32.8	1024	133.0
4341	3.938		3043	32.3	1024	134.9
4342	3.781		3020	32.5	1024	133.9
4343	3.672		3012	32.6	1024	133.4
4344	3.969		3032	32.4	1024	134.2
4345	3.781		2968	33.1	1024	131.4
4346	3.625		2952	33.3	1024	130.6
4347	3.906		3026	32.5	1024	133.8
4348	3.719		3000	32.8	1024	132.6
4349	3.594		3010	32.7	1024	133.0
4350	3.750		3026	32.5	1024	133.7
4351	3.500		2987	32.9	1024	131.9
4352	3.938		3010	32.7	1024	132.9
4353	3.750		2999	32.8	1024	132.3
4354	3.641		2945	33.4	1024	129.9
4355	3.719		2988	32.9	1024	131.8
4356	3.672		3024	32.5	1024	133.3
4357	3.781		3023	32.5	1024	133.2
4358	3.672		2965	33.2	1024	130.6
4359	3.672		2992	32.9	1024	131.8
4360	3.797		2975	33.0	1024	131.0
4361	3.594		3017	32.6	1024	132.7
4362	3.656		2994	32.8	1024	131.7
4363	3.578		3027	32.5	1024	133.1
4364	3.969		2999	32.8	1024	131.8
4365	3.812		2967	33.1	1024	130.4
4366	3.641		2992	32.9	1024	131.4
4367	3.875		2966	33.1	1024	130.2
4368	3.828		2952	33.3	1024	129.5
4369	3.812		3033	32.4	1024	133.0
4370	3.891		3041	32.3	1024	133.4
4371	3.859		3000	32.8	1024	131.5
4372	3.578		2973	33.1	1024	130.2
4373	3.891		3008	32.7	1024	131.8
4374	3.781		2997	32.8	1024	131.2
4375	3.859		3006	32.7	1024	131.5
4376	3.797		3008	32.7	1024	131.6
4377	3.812		3023	32.5	1024	132.2
4378	3.891		3058	32.1	1024	133.7
4379	3.797		3029	32.5	1024	132.4
4380	3.703		3003	32.7	1024	131.2
4381	3.812		2975	33.0	1024	129.9
4382	3.688		2973	33.1	1024	129.8
4383	3.641		3006	32.7	1024	131.1
4384	3.703		2988	32.9	1024	130.3
4385	4.438		3040	32.3	1024	132.5
4386	3.797		3051	32.2	1024	133.0
4387	3.750		3061	32.1	1024	133.4
4388	3.812		2995	32.8	1024	130.4
4389	3.703		2993	32.8	1024	130.3
4390	3.828		3038	32.4	1024	132.2
4391	3.859		2982	33.0	1024	129.7
4392	3.750		2998	32.8	1024	130.4
4393	3.703		3008	32.7	1024	130.7
4394	3.516		2975	33.0	1024	129.2
4395	3.578		3047	32.3	1024	132.4
4396	4.031		3026	32.5	1024	131.4
4397	3.484		3004	32.7	1024	130.4
4398	3.547		2999	32.8	1024	130.1
4399	3.906		2980	33.0	1024	129.2
4400	3.609		2988	32.9	1024	129.5
4401	3.859		3016	32.6	1024	130.7
4402	3.844		3002	32.7	1024	130.0
4403	3.391		3010	32.7	1024	130.3
4404	3.719		2987	32.9	1024	129.3
4405	3.547		3022	32.5	1024	130.7
4406	4.062		3032	32.4	1024	131.2
4407	3.750		3018	32.6	1024	130.5
4408	3.703		3001	32.8	1024	129.7
4409	3.625		2947	33.4	1024	127.3
4410	3.453		3014	32.6	1024	130.2
4411	3.781		3029	32.5	1024	130.7
4412	3.844		2999	32.8	1024	129.4
4413	3.500		3006	32.7	1024	129.6
4414	3.625		3015	32.6	1024	130.0
4415	3.516		2980	33.0	1024	128.5
4416	3.578		3022	32.5	1024	130.2
4417	3.828		3034	32.4	1024	130.7
4418	3.625		3002	32.7	1024	129.3
4419	3.516		3017	32.6	1024	129.8
4420	3.625		3007	32.7	1024	129.4
4421	4.344		3036	32.4	1024	130.5
4422	3.469		2986	32.9	1024	128.4
4423	3.547		2998	32.8	1024	128.8
4424	3.562		3012	32.6	1024	129.4
4425	3.453		2960	33.2	1024	127.1
4426	3.594		3017	32.6	1024	129.5
4427	3.781		2966	33.1	1024	127.3
4428	3.781		3017	32.6	1024	129.4
4429	3.406		2994	32.8	1024	128.3
4430	3.531		2996	32.8	1024	128.4
4431	3.453		3009	32.7	1024	128.9
4432	3.828		2998	32.8	1024	128.4
4433	3.641		3015	32.6	1024	129.1
4434	3.672		3009	32.7	1024	128.7
4435	3.812		3006	32.7	1024	128.6
4436	3.750		3000	32.8	1024	128.2
4437	3.688		3013	32.6	1024	128.7
4438	3.344		2990	32.9	1024	127.7
4439	3.453		2983	33.0	1024	127.4
4440	3.328		2995	32.8	1024	127.8
4441	3.750		3022	32.5	1024	128.9
4442	3.844		2977	33.0	1024	127.0
4443	3.719		2974	33.1	1024	126.8
4444	3.781		3014	32.6	1024	128.4
4445	3.656		2994	32.8	1024	127.5
4446	3.547		2968	33.1	1024	126.4
4447	3.359		2974	33.0	1024	126.6
4448	3.562		3009	32.7	1024	128.0
4449	3.891		3043	32.3	1024	129.4
4450	3.406		3049	32.2	1024	129.6
4451	3.719		2981	33.0	1024	126.7
4452	3.547		2975	33.0	1024	126.4
4453	4.000		3017	32.6	1024	128.1
4454	3.562		3004	32.7	1024	127.5
4455	3.625		2972	33.1	1024	126.1
4456	4.094		3043	32.3	1024	129.1
4457	3.734		3058	32.1	1024	129.7
4458	3.844		3040	32.3	1024	128.9
4459	3.969		2978	33.0	1024	126.1
4460	3.656		3024	32.5	1024	128.1
4461	3.906		2969	33.1	1024	125.7
4462	4.094		3064	32.1	1024	129.6
4463	3.906		2975	33.0	1024	125.8
4464	3.406		2962	33.2	1024	125.3
4465	3.688		3021	32.5	1024	127.7
4466	3.953		3012	32.6	1024	127.2
4467	3.812		3023	32.5	1024	127.7
4468	3.828		3007	32.7	1024	127.0
4469	3.906		3011	32.7	1024	127.1
4470	3.844		3018	32.6	1024	127.3
4471	3.891		3037	32.4	1024	128.0
4472	3.859		3043	32.3	1024	128.3
4473	3.797		3004	32.7	1024	126.6
4474	3.844		2988	32.9	1024	125.8
4475	3.547		2997	32.8	1024	126.2
4476	3.719		3078	31.9	1024	129.5
4477	3.891		2997	32.8	1024	126.1
4478	3.688		2992	32.9	1024	125.8
4479	3.672		2995	32.8	1024	125.9
4480	3.703		2989	32.9	1024	125.6
4481	3.969		2975	33.0	1024	125.0
4482	3.906		2943	33.4	1024	123.5
4483	3.516		3005	32.7	1024	126.1
4484	3.641		2931	33.5	1024	123.0
4485	3.797		2985	32.9	1024	125.2
4486	4.125		3052	32.2	1024	127.9
4487	3.500		3027	32.5	1024	126.8
4488	3.781		2995	32.8	1024	125.4
4489	3.719		3023	32.5	1024	126.6
4490	3.562		3035	32.4	1024	127.0
4491	3.703		2960	33.2	1024	123.8
4492	3.953		2969	33.1	1024	124.2
4493	3.953		3045	32.3	1024	127.3
4494	3.781		3008	32.7	1024	125.7
4495	3.656		2990	32.9	1024	124.9
4496	3.844		2958	33.2	1024	123.5
4497	3.875		3001	32.8	1024	125.3
4498	3.766		3011	32.6	1024	125.6
4499	3.875		3002	32.7	1024	125.2
4500	3.703		3038	32.4	1024	126.6
4501	3.750	3.691	3025	32.5	1024	126.0
Saved checkpoint at step 4500
4502	3.781		5685	17.3	1024	236.8
4503	4.094		3129	31.4	1024	130.3
4504	3.797		3032	32.4	1024	126.2
4505	3.891		2999	32.8	1024	124.8
4506	3.766		3010	32.7	1024	125.2
4507	3.938		3000	32.8	1024	124.7
4508	3.797		2999	32.8	1024	124.6
4509	3.781		2987	32.9	1024	124.1
4510	3.875		2980	33.0	1024	123.7
4511	3.609		2949	33.3	1024	122.4
4512	3.734		2989	32.9	1024	124.0
4513	3.859		2950	33.3	1024	122.3
4514	3.766		2942	33.4	1024	121.9
4515	3.719		3008	32.7	1024	124.6
4516	4.438		3100	31.7	1024	128.4
4517	3.672		2998	32.8	1024	124.1
4518	3.672		2993	32.8	1024	123.9
4519	3.781		2996	32.8	1024	123.9
4520	3.750		2982	33.0	1024	123.3
4521	4.219		3084	31.9	1024	127.5
4522	4.094		3013	32.6	1024	124.5
4523	3.547		2962	33.2	1024	122.3
4524	3.938		3059	32.1	1024	126.3
4525	4.062		3043	32.3	1024	125.6
4526	3.938		3012	32.6	1024	124.3
4527	3.938		2992	32.9	1024	123.4
4528	3.859		2975	33.0	1024	122.6
4529	3.859		3006	32.7	1024	123.9
4530	3.891		3020	32.5	1024	124.4
4531	3.703		2993	32.8	1024	123.2
4532	4.125		3065	32.1	1024	126.1
4533	3.969		2982	33.0	1024	122.7
4534	3.812		2956	33.3	1024	121.5
4535	3.750		2950	33.3	1024	121.2
4536	4.125		2976	33.0	1024	122.2
4537	3.828		2984	32.9	1024	122.5
4538	3.781		2983	33.0	1024	122.5
4539	3.594		3004	32.7	1024	123.3
4540	3.781		3003	32.7	1024	123.2
4541	3.562		2979	33.0	1024	122.1
4542	3.953		2994	32.8	1024	122.7
4543	3.625		2956	33.3	1024	121.1
4544	3.656		3028	32.5	1024	124.0
4545	3.891		2977	33.0	1024	121.9
4546	4.000		3028	32.5	1024	123.9
4547	4.031		3076	32.0	1024	125.8
4548	3.609		2999	32.8	1024	122.6
4549	4.062		2983	33.0	1024	121.9
4550	3.844		3018	32.6	1024	123.3
4551	4.281		3049	32.2	1024	124.5
4552	3.750		3022	32.5	1024	123.3
4553	3.781		3021	32.5	1024	123.3
4554	3.797		2961	33.2	1024	120.8
4555	3.844		3052	32.2	1024	124.4
4556	4.094		3045	32.3	1024	124.1
4557	3.594		3013	32.6	1024	122.7
4558	3.906		3050	32.2	1024	124.2
4559	3.719		3011	32.6	1024	122.6
4560	3.828		2965	33.2	1024	120.6
4561	3.969		3001	32.8	1024	122.1
4562	3.781		2971	33.1	1024	120.8
4563	3.688		3029	32.5	1024	123.1
4564	3.766		3003	32.7	1024	122.0
4565	3.828		2990	32.9	1024	121.4
4566	3.953		2952	33.3	1024	119.8
4567	3.688		2973	33.1	1024	120.6
4568	3.906		3004	32.7	1024	121.8
4569	3.812		2976	33.0	1024	120.6
4570	3.625		2987	32.9	1024	121.0
4571	3.641		2962	33.2	1024	119.9
4572	3.688		2999	32.8	1024	121.4
4573	3.859		3030	32.4	1024	122.6
4574	4.438		3101	31.7	1024	125.4
4575	3.875		3140	31.3	1024	127.0
4576	3.828		3147	31.2	1024	127.2
4577	3.469		3075	32.0	1024	124.2
4578	3.609		3012	32.6	1024	121.6
4579	3.781		2957	33.2	1024	119.4
4580	3.609		2979	33.0	1024	120.2
4581	3.578		2972	33.1	1024	119.9
4582	3.656		3025	32.5	1024	121.9
4583	3.719		2951	33.3	1024	118.9
4584	3.609		2968	33.1	1024	119.6
4585	3.828		3015	32.6	1024	121.4
4586	3.594		3018	32.6	1024	121.5
4587	3.828		3013	32.6	1024	121.2
4588	3.812		2997	32.8	1024	120.5
4589	3.766		2996	32.8	1024	120.4
4590	3.859		2982	33.0	1024	119.8
4591	3.703		2984	32.9	1024	119.9
4592	3.828		3004	32.7	1024	120.6
4593	3.688		2975	33.0	1024	119.4
4594	3.656		3031	32.4	1024	121.6
4595	3.812		2963	33.2	1024	118.8
4596	3.969		3043	32.3	1024	122.0
4597	3.781		3037	32.4	1024	121.7
4598	3.906		3000	32.8	1024	120.1
4599	3.828		3025	32.5	1024	121.1
4600	3.594		2976	33.0	1024	119.1
4601	3.547		2983	33.0	1024	119.3
4602	3.844		3036	32.4	1024	121.4
4603	3.781		3033	32.4	1024	121.2
4604	3.703		3051	32.2	1024	121.9
4605	3.719		2999	32.8	1024	119.8
4606	3.922		3105	31.7	1024	123.9
4607	3.875		3030	32.4	1024	120.9
4608	3.859		2970	33.1	1024	118.5
4609	3.766		2977	33.0	1024	118.7
4610	3.641		2975	33.0	1024	118.6
4611	3.703		2977	33.0	1024	118.6
4612	3.547		2990	32.9	1024	119.1
4613	3.766		3030	32.4	1024	120.6
4614	4.031		3064	32.1	1024	121.9
4615	3.797		2969	33.1	1024	118.1
4616	3.828		3021	32.5	1024	120.1
4617	3.781		2952	33.3	1024	117.3
4618	4.000		3005	32.7	1024	119.3
4619	3.422		3014	32.6	1024	119.6
4620	3.625		2982	33.0	1024	118.3
4621	3.812		3020	32.6	1024	119.8
4622	3.641		2992	32.9	1024	118.6
4623	3.844		2949	33.3	1024	116.9
4624	3.719		2992	32.9	1024	118.5
4625	3.766		3006	32.7	1024	119.0
4626	3.734		2981	33.0	1024	118.0
4627	4.219		3007	32.7	1024	119.0
4628	3.688		3006	32.7	1024	118.9
4629	3.688		3022	32.5	1024	119.5
4630	3.672		3031	32.4	1024	119.8
4631	3.656		3070	32.0	1024	121.3
4632	4.000		3034	32.4	1024	119.8
4633	3.781		3018	32.6	1024	119.1
4634	3.531		2969	33.1	1024	117.1
4635	3.531		2980	33.0	1024	117.5
4636	3.609		3015	32.6	1024	118.8
4637	3.750		2964	33.2	1024	116.8
4638	3.812		2981	33.0	1024	117.4
4639	3.359		2991	32.9	1024	117.8
4640	3.828		2987	32.9	1024	117.5
4641	3.812		3035	32.4	1024	119.4
4642	4.188		3079	31.9	1024	121.1
4643	3.844		3125	31.5	1024	122.8
4644	3.359		3076	32.0	1024	120.8
4645	3.516		3036	32.4	1024	119.2
4646	3.906		2989	32.9	1024	117.3
4647	3.484		3030	32.4	1024	118.9
4648	3.688		2975	33.0	1024	116.7
4649	3.516		2983	33.0	1024	116.9
4650	3.500		2988	32.9	1024	117.1
4651	3.641		2988	32.9	1024	117.0
4652	3.578		3001	32.8	1024	117.5
4653	3.734		2991	32.9	1024	117.0
4654	3.328		3003	32.7	1024	117.5
4655	3.812		3006	32.7	1024	117.5
4656	3.469		2986	32.9	1024	116.7
4657	3.922		3034	32.4	1024	118.5
4658	3.688		3004	32.7	1024	117.3
4659	3.812		3033	32.4	1024	118.4
4660	3.906		3026	32.5	1024	118.1
4661	3.641		3006	32.7	1024	117.2
4662	4.094		3025	32.5	1024	117.9
4663	3.609		2990	32.9	1024	116.5
4664	3.438		2981	33.0	1024	116.1
4665	3.656		3000	32.8	1024	116.8
4666	3.344		2997	32.8	1024	116.6
4667	3.562		2990	32.9	1024	116.3
4668	3.516		3089	31.8	1280	120.1
4669	3.328		3059	32.1	1280	118.9
4670	3.453		3089	31.8	1280	120.0
4671	3.734		3062	32.1	1280	118.9
4672	3.531		3075	32.0	1280	119.4
4673	3.656		3047	32.3	1280	118.2
4674	3.125		3058	32.1	1280	118.6
4675	3.703		3053	32.2	1280	118.3
4676	3.156		3127	31.4	1280	121.2
4677	3.609		3049	32.2	1280	118.1
4678	3.109		3015	32.6	1280	116.7
4679	3.938		3045	32.3	1280	117.8
4680	3.672		3135	31.4	1280	121.3
4681	3.766		3006	32.7	1280	116.2
4682	3.609		3102	31.7	1280	119.9
4683	3.359		3111	31.6	1280	120.2
4684	3.656		3030	32.4	1280	117.0
4685	3.594		3049	32.2	1280	117.7
4686	3.438		3060	32.1	1280	118.1
4687	3.594		3025	32.5	1280	116.7
4688	3.984		3062	32.1	1280	118.1
4689	3.797		3043	32.3	1280	117.3
4690	3.781		3058	32.1	1280	117.8
4691	3.609		3076	32.0	1280	118.4
4692	3.766		3082	31.9	1280	118.6
4693	3.859		3030	32.4	1280	116.5
4694	3.562		3201	30.7	1280	123.1
4695	3.688		3074	32.0	1280	118.1
4696	3.750		3028	32.5	1280	116.3
4697	4.031		3248	30.3	1280	124.7
4698	3.734		3135	31.4	1280	120.3
4699	3.766		3065	32.1	1280	117.6
4700	3.391		3096	31.8	1280	118.7
4701	3.703		3056	32.2	1280	117.1
4702	3.766		3066	32.1	1280	117.5
4703	3.734		3046	32.3	1280	116.6
4704	3.766		3046	32.3	1280	116.6
4705	3.719		3035	32.4	1280	116.1
4706	3.781		3104	31.7	1280	118.7
4707	3.781		3124	31.5	1280	119.5
4708	3.812		3086	31.9	1280	118.0
4709	3.969		3143	31.3	1280	120.1
4710	3.938		3122	31.5	1280	119.2
4711	4.406		3111	31.6	1280	118.7
4712	3.750		3062	32.1	1280	116.8
4713	3.484		3018	32.6	1280	115.1
4714	3.688		3042	32.3	1280	115.9
4715	3.641		3093	31.8	1280	117.8
4716	3.656		3195	30.8	1280	121.7
4717	3.625		3088	31.8	1280	117.6
4718	3.797		3040	32.3	1280	115.7
4719	3.594		3027	32.5	1280	115.1
4720	3.781		3051	32.2	1280	116.0
4721	3.844		3041	32.3	1280	115.6
4722	3.406		3068	32.0	1280	116.5
4723	3.734		3113	31.6	1280	118.2
4724	3.688		3063	32.1	1280	116.2
4725	4.031		3088	31.8	1280	117.1
4726	3.750		3049	32.2	1280	115.6
4727	3.766		3000	32.8	1280	113.7
4728	3.797		3047	32.3	1280	115.4
4729	3.656		3072	32.0	1280	116.3
4730	3.703		3049	32.2	1280	115.4
4731	3.719		3076	32.0	1280	116.4
4732	3.766		3058	32.1	1280	115.7
4733	3.828		3032	32.4	1280	114.6
4734	3.656		3028	32.5	1280	114.4
4735	3.750		3050	32.2	1280	115.2
4736	4.094		3101	31.7	1280	117.1
4737	3.922		3025	32.5	1280	114.2
4738	3.625		3015	32.6	1280	113.7
4739	3.734		3024	32.5	1280	114.0
4740	3.734		3093	31.8	1280	116.6
4741	3.688		3121	31.5	1280	117.5
4742	3.656		3056	32.2	1280	115.1
4743	4.281		3196	30.8	1280	120.3
4744	3.734		3112	31.6	1280	117.0
4745	3.578		3098	31.7	1280	116.5
4746	3.734		3122	31.5	1280	117.3
4747	3.812		3080	31.9	1280	115.7
4748	3.391		3082	31.9	1280	115.7
4749	3.609		3038	32.4	1280	114.0
4750	3.875		3108	31.6	1280	116.6
4751	3.984	3.828	3123	31.5	1280	117.1
4752	3.766		3043	32.3	1280	114.1
4753	3.688		3043	32.3	1280	114.0
4754	3.688		3064	32.1	1280	114.8
4755	3.531		3083	31.9	1280	115.4
4756	3.578		2999	32.8	1280	112.2
4757	3.969		3051	32.2	1280	114.1
4758	3.734		3082	31.9	1280	115.2
4759	3.781		2998	32.8	1280	112.0
4760	3.922		3056	32.2	1280	114.1
4761	3.547		3022	32.5	1280	112.8
4762	4.031		3148	31.2	1280	117.5
4763	3.719		3097	31.7	1280	115.5
4764	3.781		3003	32.7	1280	112.0
4765	3.719		2984	32.9	1280	111.2
4766	3.734		3071	32.0	1280	114.4
4767	3.609		3034	32.4	1280	112.9
4768	3.891		3017	32.6	1280	112.3
4769	3.734		3057	32.2	1280	113.7
4770	3.781		3105	31.7	1280	115.5
4771	3.859		3061	32.1	1280	113.8
4772	3.906		3125	31.5	1280	116.1
4773	3.781		3053	32.2	1280	113.4
4774	4.188		3090	31.8	1280	114.7
4775	3.812		3007	32.7	1280	111.6
4776	3.906		3027	32.5	1280	112.2
4777	3.500		3015	32.6	1280	111.8
4778	3.750		3063	32.1	1280	113.5
4779	3.594		3095	31.8	1280	114.6
4780	3.719		3003	32.7	1280	111.2
4781	3.859		3042	32.3	1280	112.5
4782	3.688		3080	31.9	1280	113.9
4783	3.656		3044	32.3	1280	112.5
4784	4.031		2995	32.8	1280	110.7
4785	3.766		2997	32.8	1280	110.7
4786	4.062		3070	32.0	1280	113.3
4787	3.672		3037	32.4	1280	112.1
4788	3.594		2991	32.9	1280	110.3
4789	3.828		3041	32.3	1280	112.1
4790	3.734		3002	32.7	1280	110.6
4791	3.750		3127	31.4	1280	115.2
4792	3.641		3067	32.0	1280	112.9
4793	3.750		2998	32.8	1280	110.3
4794	3.906		3083	31.9	1280	113.4
4795	3.953		3064	32.1	1280	112.7
4796	3.734		3001	32.8	1280	110.3
4797	3.734		2990	32.9	1280	109.8
4798	3.797		2988	32.9	1280	109.7
4799	3.781		3068	32.0	1280	112.6
4800	3.781		3014	32.6	1280	110.6
4801	3.656		3072	32.0	1280	112.6
4802	3.688		3049	32.2	1280	111.7
4803	3.688		3062	32.1	1280	112.2
4804	3.922		2974	33.1	1280	108.9
4805	3.672		3043	32.3	1280	111.4
4806	3.734		3067	32.1	1280	112.2
4807	3.844		2996	32.8	1280	109.6
4808	4.156		3071	32.0	1280	112.2
4809	3.844		3085	31.9	1280	112.7
4810	3.641		3027	32.5	1280	110.5
4811	3.359		3024	32.5	1280	110.4
4812	3.734		3061	32.1	1280	111.7
4813	3.875		3040	32.3	1280	110.9
4814	3.750		3041	32.3	1280	110.8
4815	3.781		3076	32.0	1280	112.1
4816	3.734		3056	32.2	1280	111.3
4817	3.984		3008	32.7	1280	109.5
4818	3.719		3004	32.7	1280	109.3
4819	3.688		3077	32.0	1280	111.9
4820	3.953		3010	32.7	1280	109.4
4821	3.906		2993	32.8	1280	108.8
4822	3.906		2972	33.1	1280	107.9
4823	3.844		2975	33.0	1280	108.0
4824	3.688		3076	32.0	1280	111.6
4825	3.594		2997	32.8	1280	108.7
4826	3.609		3052	32.2	1280	110.6
4827	3.266		3088	31.8	1280	111.9
4828	3.688		2994	32.8	1280	108.4
4829	3.719		3041	32.3	1280	110.1
4830	3.625		2993	32.8	1280	108.3
4831	3.641		3065	32.1	1280	110.8
4832	3.844		3049	32.2	1280	110.2
4833	3.656		3036	32.4	1280	109.7
4834	3.812		3019	32.6	1280	109.0
4835	3.906		3023	32.5	1280	109.1
4836	3.750		3004	32.7	1280	108.4
4837	3.766		3043	32.3	1280	109.7
4838	3.781		3045	32.3	1280	109.8
4839	3.781		3049	32.2	1280	109.9
4840	3.469		3054	32.2	1280	110.0
4841	3.672		3104	31.7	1280	111.8
4842	3.859		2990	32.9	1280	107.6
4843	3.719		3104	31.7	1280	111.6
4844	3.594		3117	31.5	1280	112.1
4845	3.859		3081	31.9	1280	110.7
4846	3.594		2982	33.0	1280	107.1
4847	3.781		3022	32.5	1280	108.5
4848	3.781		3070	32.0	1280	110.2
4849	3.609		3124	31.5	1280	112.0
4850	3.688		3099	31.7	1280	111.1
4851	3.531		2950	33.3	1280	105.7
4852	3.656		3016	32.6	1280	108.0
4853	3.969		3010	32.7	1280	107.8
4854	3.797		2987	32.9	1280	106.9
4855	3.844		3044	32.3	1280	108.9
4856	3.625		3039	32.3	1280	108.7
4857	3.688		3007	32.7	1280	107.4
4858	3.766		3040	32.3	1280	108.6
4859	3.531		3022	32.5	1280	107.9
4860	3.688		3017	32.6	1280	107.6
4861	3.766		3021	32.5	1280	107.8
4862	3.688		3052	32.2	1280	108.8
4863	3.812		3005	32.7	1280	107.1
4864	3.719		3055	32.2	1280	108.8
4865	3.672		3006	32.7	1280	107.0
4866	3.828		3010	32.7	1280	107.1
4867	3.844		3032	32.4	1280	107.8
4868	3.547		3038	32.4	1280	108.0
4869	3.734		3064	32.1	1280	108.9
4870	3.828		3117	31.5	1280	110.7
4871	3.641		3050	32.2	1280	108.3
4872	3.594		2978	33.0	1280	105.7
4873	3.719		3044	32.3	1280	107.9
4874	3.797		3016	32.6	1280	106.9
4875	3.844		3009	32.7	1280	106.6
4876	3.688		3122	31.5	1280	110.6
4877	3.625		3038	32.4	1280	107.5
4878	3.688		3075	32.0	1280	108.8
4879	3.594		2999	32.8	1280	106.1
4880	3.578		3052	32.2	1280	107.9
4881	3.500		3083	31.9	1280	108.9
4882	3.562		3085	31.9	1280	109.0
4883	3.438		3040	32.3	1280	107.3
4884	3.531		3002	32.7	1280	105.9
4885	3.625		3014	32.6	1280	106.3
4886	3.406		3034	32.4	1280	106.9
4887	3.484		3064	32.1	1280	107.9
4888	3.562		3029	32.5	1280	106.7
4889	3.516		3032	32.4	1280	106.7
4890	3.578		3023	32.5	1280	106.3
4891	3.703		3104	31.7	1280	109.1
4892	3.734		3031	32.4	1280	106.6
4893	3.656		3175	31.0	1280	111.5
4894	3.859		3151	31.2	1280	110.6
4895	3.438		3039	32.3	1280	106.7
4896	3.688		3023	32.5	1280	106.1
4897	3.594		3027	32.5	1280	106.2
4898	3.609		3021	32.5	1280	105.9
4899	3.859		3054	32.2	1280	107.0
4900	3.312		3047	32.3	1280	106.7
4901	3.609		3037	32.4	1280	106.3
4902	3.500		3002	32.7	1280	105.0
4903	3.531		3053	32.2	1280	106.8
4904	3.625		2982	33.0	1280	104.2
4905	3.562		3027	32.5	1280	105.7
4906	3.422		3073	32.0	1280	107.3
4907	3.562		3046	32.3	1280	106.3
4908	3.609		3018	32.6	1280	105.3
4909	3.719		3025	32.5	1280	105.5
4910	3.297		3139	31.3	1280	109.4
4911	3.688		3109	31.6	1280	108.3
4912	3.438		3014	32.6	1280	104.9
4913	3.828		3061	32.1	1280	106.5
4914	3.688		3047	32.3	1280	106.0
4915	3.766		3081	31.9	1280	107.1
4916	3.469		3036	32.4	1280	105.5
4917	3.594		3030	32.4	1280	105.2
4918	3.219		3021	32.5	1280	104.9
4919	3.781		3114	31.6	1280	108.0
4920	3.938		3051	32.2	1280	105.8
4921	3.484		3085	31.9	1280	106.9
4922	3.688		3038	32.4	1280	105.3
4923	3.531		3064	32.1	1280	106.1
4924	3.250		3062	32.1	1280	106.0
4925	3.766		3024	32.5	1280	104.6
4926	3.625		3006	32.7	1280	104.0
4927	3.531		3036	32.4	1280	105.0
4928	3.516		3032	32.4	1280	104.7
4929	3.719		3075	32.0	1280	106.2
4930	3.781		3048	32.3	1280	105.2
4931	3.828		3073	32.0	1280	106.0
4932	3.812		2992	32.9	1280	103.2
4933	3.594		3027	32.5	1280	104.3
4934	3.750		3044	32.3	1280	104.9
4935	3.672		3043	32.3	1280	104.8
4936	3.656		3065	32.1	1280	105.5
4937	3.609		3029	32.5	1280	104.2
4938	3.688		3027	32.5	1280	104.1
4939	3.469		3027	32.5	1280	104.0
4940	3.438		3105	31.7	1280	106.6
4941	3.562		3091	31.8	1280	106.1
4942	3.672		3077	31.9	1280	105.6
4943	3.781		3053	32.2	1280	104.7
4944	4.000		3069	32.0	1280	105.2
4945	3.719		3058	32.1	1280	104.8
4946	3.719		2994	32.8	1280	102.6
4947	3.812		2999	32.8	1280	102.7
4948	4.000		3072	32.0	1280	105.1
4949	3.812		3082	31.9	1280	105.4
4950	3.594		3130	31.4	1280	107.0
4951	3.766		3047	32.3	1280	104.1
4952	4.062		3077	31.9	1280	105.1
4953	3.812		3096	31.8	1280	105.7
4954	3.469		3031	32.4	1280	103.4
4955	3.641		2997	32.8	1280	102.2
4956	3.859		3046	32.3	1280	103.8
4957	3.625		3021	32.5	1280	102.9
4958	3.797		3062	32.1	1280	104.3
4959	3.859		3054	32.2	1280	103.9
4960	3.766		3001	32.8	1280	102.1
4961	3.531		3057	32.2	1280	103.9
4962	3.703		3011	32.6	1280	102.3
4963	3.703		3012	32.6	1280	102.3
4964	3.500		3100	31.7	1280	105.2
4965	3.766		3014	32.6	1280	102.3
4966	3.672		3088	31.8	1280	104.7
4967	3.688		3065	32.1	1280	103.9
4968	3.719		3082	31.9	1280	104.4
4969	3.750		3113	31.6	1280	105.4
4970	3.641		3106	31.6	1280	105.1
4971	3.828		3083	31.9	1280	104.3
4972	3.844		3054	32.2	1280	103.3
4973	3.906		3126	31.4	1280	105.7
4974	3.531		2990	32.9	1280	101.0
4975	3.859		3090	31.8	1280	104.3
4976	3.656		3051	32.2	1280	103.0
4977	4.000		3003	32.7	1280	101.3
4978	3.625		3039	32.3	1280	102.5
4979	3.828		3131	31.4	1280	105.5
4980	3.969		3147	31.2	1280	106.0
4981	3.859		3104	31.7	1280	104.5
4982	3.641		3028	32.5	1280	101.9
4983	3.891		3018	32.6	1280	101.5
4984	3.828		2998	32.8	1280	100.8
4985	3.672		3058	32.1	1280	102.8
4986	3.703		3031	32.4	1280	101.8
4987	3.469		3134	31.4	1280	105.2
4988	3.984		3150	31.2	1280	105.7
4989	3.859		3147	31.2	1280	105.5
4990	3.719		3043	32.3	1280	102.0
4991	3.734		3020	32.6	1280	101.2
4992	3.797		3045	32.3	1280	101.9
4993	4.344		3157	31.1	1280	105.7
4994	3.875		3102	31.7	1280	103.8
4995	3.922		3030	32.4	1280	101.3
4996	3.812		3050	32.2	1280	101.9
4997	3.734		2992	32.9	1280	99.9
4998	3.547		3025	32.5	1280	101.0
4999	3.781		3115	31.6	1280	103.9
5000	3.500		3043	32.3	1280	101.5
5001	4.125	3.807	3100	31.7	1280	103.3
Saved checkpoint at step 5000
5002	3.516		5800	16.9	1280	193.2
5003	3.750		3162	31.1	1280	105.3
5004	3.750		3015	32.6	1280	100.4
5005	3.797		3105	31.7	1280	103.3
5006	3.766		3018	32.6	1280	100.3
5007	3.797		3065	32.1	1280	101.9
5008	3.875		3040	32.3	1280	101.0
5009	3.875		3090	31.8	1280	102.6
5010	3.875		3145	31.3	1280	104.4
5011	3.688		3001	32.8	1280	99.5
5012	3.828		3034	32.4	1280	100.6
5013	3.781		3071	32.0	1280	101.8
5014	3.562		3079	31.9	1280	102.0
5015	3.906		3082	31.9	1280	102.0
5016	3.609		3059	32.1	1280	101.2
5017	3.781		3090	31.8	1280	102.2
5018	3.812		3092	31.8	1280	102.2
5019	3.812		2982	33.0	1280	98.5
5020	3.703		3047	32.3	1280	100.6
5021	3.812		3034	32.4	1280	100.1
5022	3.781		3060	32.1	1280	100.9
5023	3.781		3025	32.5	1280	99.7
5024	3.844		3011	32.6	1280	99.2
5025	3.781		3055	32.2	1280	100.6
5026	3.719		3092	31.8	1280	101.8
5027	3.734		3036	32.4	1280	99.9
5028	3.719		3049	32.2	1280	100.3
5029	3.688		3076	32.0	1280	101.1
5030	3.750		3064	32.1	1280	100.7
5031	3.828		2987	32.9	1280	98.1
5032	3.562		3064	32.1	1280	100.5
5033	3.609		3091	31.8	1280	101.4
5034	3.594		3117	31.5	1280	102.2
5035	3.750		3024	32.5	1280	99.1
5036	3.359		3116	31.6	1280	102.0
5037	3.734		3097	31.7	1280	101.4
5038	3.641		3081	31.9	1280	100.8
5039	3.781		3037	32.4	1280	99.3
5040	3.672		2993	32.8	1280	97.8
5041	3.891		3018	32.6	1280	98.6
5042	3.703		3061	32.1	1280	99.9
5043	3.719		3015	32.6	1280	98.4
5044	3.828		3006	32.7	1280	98.0
5045	3.719		2973	33.1	1280	96.9
5046	3.547		2972	33.1	1280	96.8
5047	3.906		3012	32.6	1280	98.1
5048	3.547		2958	33.2	1280	96.3
5049	3.688		3029	32.5	1280	98.5
5050	3.812		3008	32.7	1280	97.8
5051	3.625		3085	31.9	1280	100.3
5052	3.609		3001	32.8	1280	97.5
5053	3.969		3119	31.5	1280	101.3
5054	3.891		3020	32.6	1280	98.0
5055	3.859		3052	32.2	1280	99.0
5056	3.406		3115	31.6	1280	101.0
5057	3.797		3052	32.2	1280	98.9
5058	4.188		3028	32.5	1280	98.1
5059	3.703		3000	32.8	1280	97.1
5060	3.938		3029	32.5	1280	98.0
5061	3.672		3041	32.3	1280	98.3
5062	3.484		2994	32.8	1280	96.7
5063	3.750		3147	31.2	1280	101.7
5064	3.422		3124	31.5	1280	100.9
5065	3.688		3001	32.8	1280	96.8
5066	3.656		3026	32.5	1280	97.6
5067	3.641		3068	32.0	1280	98.9
5068	3.906		3046	32.3	1280	98.1
5069	3.750		3049	32.2	1280	98.2
5070	4.375		3084	31.9	1280	99.2
5071	3.656		3033	32.4	1280	97.6
5072	3.531		3026	32.5	1280	97.3
5073	3.703		3116	31.5	1280	100.1
5074	3.938		3121	31.5	1280	100.2
5075	3.719		3136	31.4	1280	100.7
5076	3.766		3032	32.4	1280	97.3
5077	3.984		3072	32.0	1280	98.5
5078	3.531		3061	32.1	1280	98.1
5079	3.828		2993	32.8	1280	95.9
5080	3.656		3051	32.2	1280	97.7
5081	3.797		3027	32.5	1280	96.9
5082	3.562		3087	31.8	1280	98.7
5083	3.812		3066	32.1	1280	98.0
5084	3.828		3052	32.2	1280	97.5
5085	3.625		3077	32.0	1280	98.2
5086	3.766		2996	32.8	1280	95.6
5087	3.656		3075	32.0	1280	98.1
5088	3.516		3069	32.0	1280	97.9
5089	3.484		3031	32.4	1280	96.6
5090	3.609		3021	32.5	1280	96.2
5091	3.656		3064	32.1	1280	97.5
5092	3.781		3017	32.6	1280	96.0
5093	3.719		3035	32.4	1280	96.5
5094	3.766		3057	32.2	1280	97.2
5095	3.734		3007	32.7	1280	95.5
5096	3.781		3028	32.5	1280	96.1
5097	3.703		3075	32.0	1280	97.6
5098	3.656		3073	32.0	1280	97.5
5099	3.641		3011	32.7	1280	95.4
5100	3.891		2974	33.1	1280	94.2
5101	3.562		3119	31.5	1280	98.8
5102	3.547		3055	32.2	1280	96.7
5103	3.719		3006	32.7	1280	95.1
5104	3.625		3036	32.4	1280	96.0
5105	3.609		3037	32.4	1280	96.0
5106	3.438		3014	32.6	1280	95.2
5107	3.703		2999	32.8	1280	94.7
5108	3.859		2997	32.8	1280	94.5
5109	3.672		3024	32.5	1280	95.4
5110	3.406		3123	31.5	1280	98.4
5111	3.688		3027	32.5	1280	95.3
5112	3.703		3117	31.5	1280	98.1
5113	3.719		3033	32.4	1280	95.4
5114	3.562		3095	31.8	1280	97.3
5115	3.875		3038	32.4	1280	95.5
5116	3.844		3078	31.9	1280	96.7
5117	3.719		3029	32.5	1280	95.1
5118	3.516		3021	32.5	1280	94.8
5119	3.672		2982	33.0	1280	93.5
5120	3.672		3013	32.6	1280	94.5
5121	3.750		3088	31.8	1280	96.8
5122	3.516		3108	31.6	1280	97.3
5123	3.766		3265	30.1	1280	102.2
5124	3.750		3072	32.0	1280	96.1
5125	3.766		3004	32.7	1280	93.9
5126	3.641		2961	33.2	1280	92.5
5127	3.828		3062	32.1	1280	95.6
5128	3.609		3106	31.6	1280	97.0
5129	3.453		3113	31.6	1280	97.1
5130	3.625		3167	31.0	1280	98.8
5131	3.547		3084	31.9	1280	96.1
5132	3.828		3049	32.2	1280	95.0
5133	3.688		3006	32.7	1280	93.6
5134	3.484		3026	32.5	1280	94.2
5135	3.484		3032	32.4	1280	94.3
5136	3.578		3013	32.6	1280	93.6
5137	3.531		3063	32.1	1280	95.2
5138	3.750		3040	32.3	1280	94.4
5139	3.734		3057	32.2	1280	94.9
5140	3.516		3024	32.5	1280	93.8
5141	3.688		3055	32.2	1280	94.7
5142	3.609		3092	31.8	1280	95.8
5143	3.062		3166	31.0	1280	98.0
5144	3.625		3068	32.0	1280	94.9
5145	3.703		3111	31.6	1280	96.2
5146	3.672		3011	32.7	1280	93.1
5147	4.000		3073	32.0	1280	95.0
5148	3.641		3184	30.9	1280	98.3
5149	3.547		3043	32.3	1280	93.9
5150	3.594		3000	32.8	1280	92.6
5151	3.641		3028	32.5	1280	93.4
5152	3.672		3054	32.2	1280	94.1
5153	3.703		3078	31.9	1280	94.8
5154	3.688		3062	32.1	1280	94.3
5155	3.391		3022	32.5	1280	93.0
5156	3.719		3054	32.2	1280	93.9
5157	3.500		3005	32.7	1280	92.3
5158	3.531		3033	32.4	1280	93.2
5159	3.344		3042	32.3	1280	93.4
5160	3.562		3023	32.5	1280	92.8
5161	3.156		3055	32.2	1280	93.7
5162	3.609		3109	31.6	1280	95.3
5163	3.828		3087	31.8	1280	94.6
5164	3.578		3021	32.5	1280	92.5
5165	3.359		3031	32.4	1280	92.7
5166	3.453		3039	32.3	1280	92.9
5167	3.312		3061	32.1	1280	93.6
5168	3.141		3131	31.4	1280	95.6
5169	3.641		3109	31.6	1280	94.9
5170	3.641		3050	32.2	1280	93.1
5171	3.484		2994	32.8	1280	91.3
5172	3.734		3068	32.0	1280	93.5
5173	3.875		3100	31.7	1280	94.4
5174	4.062		3116	31.5	1280	94.9
5175	3.734		3076	32.0	1280	93.6
5176	3.547		3047	32.3	1280	92.7
5177	3.594		3077	31.9	1280	93.5
5178	3.484		3024	32.5	1280	91.9
5179	3.469		3078	31.9	1280	93.5
5180	3.344		3076	32.0	1280	93.3
5181	3.266		3088	31.8	1280	93.7
5182	3.359		3033	32.4	1280	92.0
5183	3.594		3021	32.5	1280	91.5
5184	3.516		3002	32.7	1280	90.9
5185	3.672		3074	32.0	1280	93.0
5186	3.547		3047	32.3	1280	92.2
5187	3.641		3044	32.3	1280	92.0
5188	3.156		3061	32.1	1280	92.5
5189	3.234		3083	31.9	1280	93.1
5190	3.109		3049	32.2	1280	92.0
5191	3.609		3055	32.2	1280	92.1
5192	3.641		3093	31.8	1280	93.2
5193	3.734		3089	31.8	1280	93.1
5194	3.812		3053	32.2	1280	92.0
5195	3.906		3059	32.1	1280	92.1
5196	3.562		2996	32.8	1280	90.1
5197	3.750		3056	32.2	1280	91.9
5198	3.688		3099	31.7	1280	93.1
5199	3.688		3067	32.1	1280	92.1
5200	3.844		2998	32.8	1280	90.0
5201	3.609		3034	32.4	1280	91.0
5202	3.672		3037	32.4	1280	91.1
5203	3.516		3077	31.9	1280	92.2
5204	3.797		3066	32.1	1280	91.8
5205	3.422		3133	31.4	1280	93.8
5206	3.844		3077	31.9	1280	92.1
5207	3.688		2995	32.8	1280	89.5
5208	3.688		3148	31.2	1280	94.1
5209	3.734		2992	32.9	1280	89.4
5210	3.500		3032	32.4	1280	90.5
5211	3.672		3012	32.6	1280	89.9
5212	3.688		3097	31.7	1280	92.4
5213	3.578		3060	32.1	1280	91.2
5214	3.812		3026	32.5	1280	90.1
5215	3.750		3049	32.2	1280	90.7
5216	3.578		3066	32.1	1280	91.2
5217	3.766		3058	32.2	1280	90.9
5218	3.719		3047	32.3	1280	90.6
5219	3.703		3102	31.7	1280	92.1
5220	3.656		3018	32.6	1280	89.6
5221	3.906		2997	32.8	1280	88.9
5222	3.688		3018	32.6	1280	89.5
5223	3.734		3015	32.6	1280	89.4
5224	3.875		3048	32.2	1280	90.3
5225	3.594		3064	32.1	1280	90.7
5226	3.609		3069	32.0	1280	90.8
5227	3.672		3031	32.4	1280	89.6
5228	3.703		3123	31.5	1280	92.3
5229	3.828		3075	32.0	1280	90.8
5230	3.844		3053	32.2	1280	90.1
5231	3.859		2987	32.9	1280	88.1
5232	3.094		3048	32.3	1280	89.9
5233	3.750		3050	32.2	1280	89.9
5234	3.812		3002	32.7	1280	88.4
5235	3.609		3046	32.3	1280	89.6
5236	3.766		3058	32.1	1280	90.0
5237	3.797		3020	32.5	1280	88.8
5238	3.453		3040	32.3	1280	89.3
5239	3.781		2982	33.0	1280	87.6
5240	3.672		3018	32.6	1280	88.6
5241	3.781		3052	32.2	1280	89.5
5242	3.672		2972	33.1	1280	87.1
5243	3.531		3025	32.5	1280	88.6
5244	3.594		3052	32.2	1280	89.4
5245	3.844		3037	32.4	1280	88.9
5246	3.859		3065	32.1	1280	89.7
5247	3.859		3029	32.5	1280	88.5
5248	3.734		3014	32.6	1280	88.1
5249	3.734		2988	32.9	1280	87.2
5250	3.703		3045	32.3	1280	88.9
5251	3.578	3.711	3041	32.3	1280	88.7
5252	3.750		3087	31.8	1280	90.0
5253	3.672		3114	31.6	1280	90.7
5254	3.609		3118	31.5	1280	90.8
5255	3.828		2990	32.9	1280	87.0
5256	3.891		3002	32.7	1280	87.3
5257	3.594		2969	33.1	1280	86.3
5258	3.781		2956	33.3	1280	85.9
5259	3.766		3036	32.4	1280	88.2
5260	3.609		3154	31.2	1280	91.5
5261	4.094		3182	30.9	1280	92.3
5262	3.781		3057	32.2	1280	88.6
5263	3.547		3061	32.1	1280	88.7
5264	3.750		2984	32.9	1280	86.4
5265	3.578		3032	32.4	1280	87.7
5266	3.688		3083	31.9	1280	89.1
5267	3.719		3030	32.4	1280	87.6
5268	3.875		3015	32.6	1280	87.1
5269	3.703		3089	31.8	1280	89.2
5270	3.875		3023	32.5	1280	87.2
5271	4.125		3149	31.2	1280	90.8
5272	3.594		3073	32.0	1280	88.6
5273	3.703		3049	32.2	1280	87.8
5274	3.719		2999	32.8	1280	86.3
5275	3.766		3095	31.8	1280	89.0
5276	3.625		3080	31.9	1280	88.6
5277	3.688		3005	32.7	1280	86.3
5278	3.625		2978	33.0	1280	85.5
5279	3.625		3077	31.9	1280	88.3
5280	3.719		3069	32.0	1280	88.0
5281	3.641		3013	32.6	1280	86.4
5282	3.938		3037	32.4	1280	87.0
5283	3.703		2984	32.9	1280	85.4
5284	4.125		3098	31.7	1280	88.7
5285	3.641		2999	32.8	1280	85.8
5286	3.672		3009	32.7	1280	86.0
5287	3.719		2975	33.0	1280	85.0
5288	3.703		3084	31.9	1280	88.0
5289	3.609		3032	32.4	1280	86.5
5290	3.672		3064	32.1	1280	87.4
5291	3.828		3008	32.7	1280	85.7
5292	3.422		2993	32.8	1280	85.2
5293	3.719		3056	32.2	1280	87.0
5294	3.875		3072	32.0	1280	87.4
5295	3.672		2956	33.3	1280	84.1
5296	3.641		3161	31.1	1280	89.8
5297	3.875		3128	31.4	1280	88.8
5298	3.719		2984	32.9	1280	84.7
5299	3.641		3016	32.6	1280	85.6
5300	3.609		2956	33.3	1280	83.8
5301	3.672		3088	31.8	1280	87.5
5302	3.922		3073	32.0	1280	87.0
5303	3.609		3073	32.0	1280	87.0
5304	3.516		3007	32.7	1280	85.1
5305	3.766		3003	32.7	1280	84.9
5306	3.641		3009	32.7	1280	85.0
5307	3.984		3154	31.2	1280	89.0
5308	3.766		3059	32.1	1280	86.3
5309	3.750		2998	32.8	1280	84.5
5310	3.781		3011	32.6	1280	84.9
5311	3.766		3060	32.1	1280	86.2
5312	3.484		3036	32.4	1280	85.5
5313	3.625		3027	32.5	1280	85.2
5314	3.938		3057	32.2	1280	86.0
5315	3.578		3088	31.8	1280	86.8
5316	3.703		3052	32.2	1280	85.7
5317	3.641		3032	32.4	1280	85.1
5318	3.625		2986	32.9	1280	83.8
5319	3.562		3053	32.2	1280	85.6
5320	3.672		3064	32.1	1280	85.9
5321	3.625		3009	32.7	1280	84.3
5322	3.656		3044	32.3	1280	85.2
5323	3.844		3088	31.8	1280	86.4
5324	3.625		3071	32.0	1280	85.8
5325	3.766		3008	32.7	1280	84.0
5326	3.625		3044	32.3	1280	85.0
5327	3.672		3118	31.5	1280	87.0
5328	3.719		3027	32.5	1280	84.4
5329	3.734		2998	32.8	1280	83.5
5330	3.625		3051	32.2	1280	85.0
5331	3.312		3080	31.9	1280	85.7
5332	3.594		3050	32.2	1280	84.9
5333	3.406		3099	31.7	1280	86.2
5334	3.578		3086	31.9	1280	85.8
5335	3.312		3170	31.0	1280	88.0
5336	3.641		3040	32.3	1280	84.4
5337	3.562		2986	32.9	1280	82.8
5338	3.406		3074	32.0	1280	85.2
5339	3.578		3057	32.2	1280	84.7
5340	3.531		3072	32.0	1280	85.0
5341	3.578		3111	31.6	1280	86.1
5342	3.906		3195	30.8	1280	88.3
5343	3.812		3007	32.7	1280	83.1
5344	3.734		3020	32.6	1280	83.4
5345	3.578		3029	32.5	1280	83.6
5346	3.781		3030	32.4	1280	83.6
5347	3.719		3183	30.9	1280	87.7
5348	3.500		3077	32.0	1280	84.8
5349	3.656		3022	32.5	1280	83.2
5350	3.578		3001	32.8	1280	82.6
5351	3.875		3071	32.0	1280	84.5
5352	3.781		3081	31.9	1280	84.7
5353	3.609		3110	31.6	1280	85.4
5354	3.578		3028	32.5	1280	83.1
5355	3.625		2974	33.1	1280	81.6
5356	3.922		3050	32.2	1280	83.6
5357	3.812		3019	32.6	1280	82.7
5358	3.781		3015	32.6	1280	82.6
5359	3.766		3014	32.6	1280	82.5
5360	3.797		3029	32.5	1280	82.8
5361	3.609		3001	32.8	1280	82.0
5362	3.516		3097	31.7	1280	84.6
5363	3.453		3109	31.6	1280	84.9
5364	3.672		3061	32.1	1280	83.5
5365	3.766		3087	31.8	1280	84.2
5366	3.609		3023	32.5	1280	82.4
5367	3.703		3002	32.7	1280	81.8
5368	3.719		3005	32.7	1280	81.8
5369	3.609		3071	32.0	1280	83.5
5370	3.688		3074	32.0	1280	83.6
5371	3.531		3080	31.9	1280	83.7
5372	3.875		3052	32.2	1280	82.9
5373	3.812		3014	32.6	1280	81.8
5374	3.344		3109	31.6	1280	84.3
5375	3.578		3026	32.5	1280	82.0
5376	3.859		3076	32.0	1280	83.3
5377	3.422		3068	32.0	1280	83.1
5378	3.703		3016	32.6	1280	81.6
5379	3.578		3130	31.4	1280	84.6
5380	3.516		3067	32.0	1280	82.9
5381	3.516		3021	32.5	1280	81.6
5382	3.672		2999	32.8	1280	80.9
5383	3.375		3023	32.5	1280	81.5
5384	3.703		3044	32.3	1280	82.0
5385	3.438		3099	31.7	1280	83.5
5386	3.391		3052	32.2	1280	82.1
5387	3.484		3038	32.4	1280	81.7
5388	3.750		2956	33.3	1280	79.5
5389	3.469		2987	32.9	1280	80.3
5390	3.828		3050	32.2	1280	81.9
5391	3.531		3104	31.7	1280	83.3
5392	3.594		3060	32.1	1280	82.1
5393	3.672		3074	32.0	1280	82.4
5394	3.469		3086	31.9	1280	82.7
5395	3.547		3099	31.7	1280	82.9
5396	3.578		2983	33.0	1280	79.8
5397	3.547		3046	32.3	1280	81.4
5398	3.531		3085	31.9	1280	82.4
5399	3.594		3100	31.7	1280	82.8
5400	3.094		3116	31.5	1280	83.1
5401	3.516		3039	32.3	1280	81.1
5402	3.562		3037	32.4	1280	80.9
5403	3.484		3026	32.5	1280	80.6
5404	3.484		3055	32.2	1280	81.3
5405	3.703		3082	31.9	1280	82.0
5406	3.609		3084	31.9	1280	82.0
5407	3.672		3002	32.7	1280	79.7
5408	3.531		3102	31.7	1280	82.4
5409	3.562		3051	32.2	1280	80.9
5410	3.719		3007	32.7	1280	79.7
5411	3.672		2994	32.8	1280	79.3
5412	3.781		3112	31.6	1280	82.4
5413	3.297		3020	32.6	1280	79.9
5414	3.297		2984	32.9	1280	78.9
5415	3.547		3069	32.0	1280	81.1
5416	3.625		3075	32.0	1280	81.2
5417	3.516		3069	32.0	1280	81.0
5418	3.453		3052	32.2	1280	80.5
5419	3.391		3045	32.3	1280	80.3
5420	3.609		3054	32.2	1280	80.5
5421	3.375		3076	32.0	1280	81.0
5422	3.516		3019	32.6	1280	79.5
5423	3.547		3099	31.7	1280	81.5
5424	3.328		3064	32.1	1280	80.5
5425	3.531		3061	32.1	1280	80.4
5426	3.766		3089	31.8	1280	81.1
5427	3.609		3040	32.3	1280	79.7
5428	3.406		3071	32.0	1280	80.5
5429	3.734		3148	31.2	1280	82.5
5430	3.469		3031	32.4	1280	79.4
5431	3.500		3083	31.9	1280	80.7
5432	3.500		2993	32.8	1280	78.3
5433	3.438		3096	31.8	1280	80.9
5434	3.688		3009	32.7	1280	78.6
5435	3.734		3016	32.6	1280	78.7
5436	3.297		3046	32.3	1280	79.4
5437	3.672		3042	32.3	1280	79.3
5438	3.609		3032	32.4	1280	79.0
5439	3.906		3053	32.2	1280	79.5
5440	3.781		3069	32.0	1280	79.9
5441	3.656		3095	31.8	1280	80.5
5442	3.641		3039	32.3	1280	79.0
5443	3.562		3031	32.4	1280	78.7
5444	3.641		2983	32.9	1280	77.4
5445	3.969		3115	31.6	1280	80.8
5446	3.984		3094	31.8	1280	80.2
5447	3.641		3041	32.3	1280	78.8
5448	3.641		3002	32.7	1280	77.7
5449	3.656		3012	32.6	1280	77.9
5450	3.688		3075	32.0	1280	79.5
5451	3.656		3086	31.9	1280	79.7
5452	3.469		3073	32.0	1280	79.3
5453	3.672		3037	32.4	1280	78.4
5454	3.750		3080	31.9	1280	79.4
5455	3.641		3078	31.9	1280	79.3
5456	4.125		3053	32.2	1280	78.6
5457	4.219		3134	31.4	1280	80.6
5458	3.547		3100	31.7	1280	79.7
5459	3.672		3030	32.4	1280	77.9
5460	3.750		3074	32.0	1280	79.0
5461	3.625		2977	33.0	1280	76.4
5462	3.750		3060	32.1	1280	78.5
5463	3.828		3044	32.3	1280	78.0
5464	3.750		3038	32.4	1280	77.8
5465	3.688		3022	32.5	1280	77.4
5466	3.734		3063	32.1	1280	78.4
5467	3.719		3025	32.5	1280	77.3
5468	3.781		3055	32.2	1280	78.1
5469	3.656		3139	31.3	1280	80.1
5470	3.781		3072	32.0	1280	78.4
5471	3.656		3110	31.6	1280	79.3
5472	3.750		3017	32.6	1280	76.9
5473	3.656		2996	32.8	1280	76.3
5474	3.812		3032	32.4	1280	77.2
5475	3.719		3050	32.2	1280	77.6
5476	3.734		3031	32.4	1280	77.0
5477	3.719		2959	33.2	1280	75.2
5478	3.719		3009	32.7	1280	76.4
5479	3.844		3054	32.2	1280	77.5
5480	3.703		3022	32.5	1280	76.6
5481	3.609		3073	32.0	1280	77.8
5482	3.609		3030	32.4	1280	76.7
5483	3.688		3076	32.0	1280	77.8
5484	3.766		3060	32.1	1280	77.4
5485	3.766		3076	32.0	1280	77.7
5486	3.562		3044	32.3	1280	76.9
5487	3.406		3066	32.1	1280	77.4
5488	3.625		3096	31.7	1280	78.1
5489	3.625		3093	31.8	1280	77.9
5490	3.797		3059	32.1	1280	77.0
5491	3.781		3000	32.8	1280	75.5
5492	3.969		3056	32.2	1280	76.9
5493	3.562		3022	32.5	1280	75.9
5494	3.672		3061	32.1	1280	76.9
5495	3.859		3036	32.4	1280	76.2
5496	3.797		3054	32.2	1280	76.6
5497	3.969		3073	32.0	1280	77.0
5498	3.328		3069	32.0	1280	76.9
5499	3.781		3029	32.5	1280	75.8
5500	3.484		3151	31.2	1280	78.8
5501	3.562	3.633	3006	32.7	1280	75.2
Saved checkpoint at step 5500
5502	3.578		5758	17.1	1280	143.8
5503	3.469		2994	32.8	1280	74.7
5504	3.688		2989	32.9	1280	74.6
5505	3.531		3075	32.0	1280	76.7
5506	3.766		3044	32.3	1280	75.8
5507	3.750		3077	31.9	1280	76.6
5508	3.609		3050	32.2	1280	75.9
5509	3.641		2984	32.9	1280	74.2
5510	3.719		3046	32.3	1280	75.7
5511	3.781		3011	32.6	1280	74.8
5512	3.641		3061	32.1	1280	76.0
5513	3.609		3035	32.4	1280	75.3
5514	3.672		2995	32.8	1280	74.2
5515	3.609		3018	32.6	1280	74.7
5516	3.672		3069	32.0	1280	76.0
5517	3.531		3029	32.5	1280	74.9
5518	4.000		3119	31.5	1280	77.1
5519	3.516		3096	31.7	1280	76.5
5520	3.703		3058	32.1	1280	75.5
5521	3.531		3096	31.7	1280	76.4
5522	3.250		3099	31.7	1280	76.4
5523	3.562		3028	32.5	1280	74.6
5524	3.641		3002	32.7	1280	73.9
5525	3.625		2971	33.1	1280	73.1
5526	4.062		3131	31.4	1280	77.0
5527	3.656		3067	32.0	1280	75.4
5528	3.719		3036	32.4	1280	74.5
5529	3.625		2997	32.8	1280	73.5
5530	4.125		3159	31.1	1280	77.5
5531	3.500		3017	32.6	1280	73.9
5532	3.938		3032	32.4	1280	74.2
5533	3.500		3040	32.3	1280	74.4
5534	3.656		3052	32.2	1280	74.6
5535	3.328		3032	32.4	1280	74.1
5536	3.828		3046	32.3	1280	74.4
5537	3.547		3059	32.1	1280	74.6
5538	3.516		3122	31.5	1280	76.1
5539	3.734		3048	32.3	1280	74.3
5540	3.672		3027	32.5	1280	73.7
5541	3.719		3097	31.7	1280	75.4
5542	3.672		3019	32.6	1280	73.4
5543	3.672		3079	31.9	1280	74.8
5544	3.391		3114	31.6	1280	75.6
5545	3.922		3065	32.1	1280	74.4
5546	3.422		3050	32.2	1280	74.0
5547	3.531		3037	32.4	1280	73.6
5548	3.547		3015	32.6	1280	73.0
5549	3.656		3007	32.7	1280	72.8
5550	3.781		2999	32.8	1280	72.5
5551	3.594		2982	33.0	1280	72.1
5552	3.859		3022	32.5	1280	73.0
5553	3.922		3096	31.7	1280	74.7
5554	3.625		3078	31.9	1280	74.2
5555	3.656		3055	32.2	1280	73.6
5556	3.781		3004	32.7	1280	72.4
5557	3.750		2979	33.0	1280	71.7
5558	3.703		3040	32.3	1280	73.1
5559	3.516		3005	32.7	1280	72.2
5560	3.766		3060	32.1	1280	73.5
5561	3.641		3047	32.3	1280	73.1
5562	3.719		3036	32.4	1280	72.8
5563	3.672		3081	31.9	1280	73.8
5564	3.656		3010	32.7	1280	72.1
5565	3.750		2984	32.9	1280	71.4
5566	3.641		3048	32.3	1280	72.9
5567	3.656		3044	32.3	1280	72.7
5568	3.438		3024	32.5	1280	72.2
5569	3.734		3073	32.0	1280	73.3
5570	3.578		3111	31.6	1280	74.2
5571	3.859		3063	32.1	1280	73.0
5572	3.719		2989	32.9	1280	71.2
5573	3.516		3073	32.0	1280	73.1
5574	3.531		3036	32.4	1280	72.2
5575	3.594		3083	31.9	1280	73.3
5576	3.594		3054	32.2	1280	72.5
5577	3.703		2976	33.0	1280	70.6
5578	3.484		3097	31.7	1280	73.5
5579	3.703		3075	32.0	1280	72.9
5580	3.562		3029	32.5	1280	71.7
5581	3.688		3059	32.1	1280	72.4
5582	3.703		3073	32.0	1280	72.7
5583	3.500		3065	32.1	1280	72.4
5584	3.891		3121	31.5	1280	73.7
5585	3.672		3073	32.0	1280	72.5
5586	3.703		3003	32.7	1280	70.8
5587	3.484		3090	31.8	1280	72.8
5588	3.453		3076	32.0	1280	72.4
5589	3.594		3080	31.9	1280	72.5
5590	3.688		3019	32.6	1280	71.0
5591	3.453		3052	32.2	1280	71.7
5592	3.500		3058	32.2	1280	71.8
5593	3.406		3088	31.8	1280	72.5
5594	3.531		3054	32.2	1280	71.6
5595	3.938		3046	32.3	1280	71.4
5596	3.438		3084	31.9	1280	72.2
5597	3.547		3025	32.5	1280	70.8
5598	4.031		3088	31.8	1280	72.2
5599	3.656		3090	31.8	1280	72.2
5600	3.781		3063	32.1	1280	71.5
5601	3.828		3088	31.8	1280	72.0
5602	3.922		3048	32.2	1280	71.1
5603	3.312		3063	32.1	1280	71.4
5604	3.906		3097	31.7	1280	72.1
5605	2.859		3153	31.2	1280	73.4
5606	3.531		3050	32.2	1280	70.9
5607	3.734		3018	32.6	1280	70.1
5608	3.375		3072	32.0	1280	71.3
5609	3.469		3064	32.1	1280	71.1
5610	3.812		3060	32.1	1280	70.9
5611	3.562		3037	32.4	1280	70.4
5612	3.766		3002	32.7	1280	69.5
5613	3.656		3012	32.6	1280	69.7
5614	3.750		3106	31.6	1280	71.8
5615	3.500		3074	32.0	1280	71.0
5616	3.438		3048	32.2	1280	70.4
5617	3.719		3060	32.1	1280	70.6
5618	3.484		3018	32.6	1280	69.6
5619	3.328		3022	32.5	1280	69.6
5620	3.609		3043	32.3	1280	70.0
5621	3.656		3036	32.4	1280	69.8
5622	3.703		3041	32.3	1280	69.9
5623	3.422		3052	32.2	1280	70.1
5624	3.594		3102	31.7	1280	71.2
5625	3.422		3009	32.7	1280	69.0
5626	3.750		3058	32.1	1280	70.1
5627	3.578		3072	32.0	1280	70.4
5628	3.203		3028	32.5	1280	69.3
5629	3.875		3105	31.7	1280	71.0
5630	3.219		3003	32.7	1280	68.6
5631	3.594		2994	32.8	1280	68.4
5632	3.594		3093	31.8	1280	70.6
5633	3.344		3038	32.4	1280	69.3
5634	3.547		3040	32.3	1280	69.3
5635	3.484		3081	31.9	1280	70.1
5636	3.578		3025	32.5	1280	68.8
5637	3.359		3037	32.4	1280	69.0
5638	3.641		3040	32.3	1280	69.1
5639	3.891		3163	31.1	1280	71.8
5640	3.500		3076	32.0	1280	69.8
5641	3.531		2992	32.9	1280	67.8
5642	3.203		3078	31.9	1280	69.7
5643	3.906		3061	32.1	1280	69.3
5644	3.609		3056	32.2	1280	69.1
5645	3.406		3004	32.7	1280	67.9
5646	3.422		3106	31.6	1280	70.1
5647	3.266		3071	32.0	1280	69.3
5648	3.547		2987	32.9	1280	67.4
5649	3.469		3086	31.9	1280	69.5
5650	3.562		3066	32.1	1280	69.0
5651	3.328		3041	32.3	1280	68.4
5652	3.469		3059	32.1	1280	68.8
5653	3.547		3027	32.5	1280	68.0
5654	3.297		3055	32.2	1280	68.6
5655	3.656		3069	32.0	1280	68.9
5656	3.453		3085	31.9	1280	69.1
5657	3.750		3186	30.9	1280	71.4
5658	3.688		3053	32.2	1280	68.3
5659	3.391		3027	32.5	1280	67.7
5660	3.344		2983	33.0	1280	66.7
5661	3.719		3069	32.0	1280	68.5
5662	3.938		3158	31.1	1280	70.5
5663	3.672		3132	31.4	1280	69.8
5664	3.500		3108	31.6	1280	69.3
5665	3.641		3059	32.1	1280	68.1
5666	3.781		3118	31.5	1280	69.4
5667	3.625		3040	32.3	1280	67.6
5668	3.609		3044	32.3	1280	67.6
5669	3.438		3020	32.6	1280	67.0
5670	3.422		3019	32.6	1280	67.0
5671	3.594		3021	32.5	1280	67.0
5672	3.391		3052	32.2	1280	67.6
5673	3.281		3105	31.7	1280	68.7
5674	3.375		3057	32.2	1280	67.6
5675	3.672		3143	31.3	1280	69.5
5676	3.266		3075	32.0	1280	67.9
5677	3.469		3022	32.5	1280	66.7
5678	3.469		3057	32.2	1280	67.4
5679	3.609		3046	32.3	1280	67.1
5680	3.391		3061	32.1	1280	67.4
5681	3.875		3035	32.4	1280	66.8
5682	3.734		3077	31.9	1280	67.6
5683	3.266		3091	31.8	1280	67.9
5684	3.547		3049	32.2	1280	66.9
5685	3.844		3130	31.4	1280	68.7
5686	4.156		3208	30.6	1280	70.3
5687	3.969		3052	32.2	1280	66.8
5688	3.969		3201	30.7	1280	70.1
5689	3.844		3080	31.9	1280	67.4
5690	3.828		3092	31.8	1280	67.6
5691	3.703		3073	32.0	1280	67.1
5692	3.734		3090	31.8	1280	67.4
5693	3.812		3087	31.8	1280	67.3
5694	4.250		3257	30.2	1280	70.9
5695	3.469		3059	32.1	1280	66.6
5696	3.609		3011	32.7	1280	65.5
5697	3.875		3007	32.7	1280	65.3
5698	3.766		3099	31.7	1280	67.3
5699	3.703		3017	32.6	1280	65.5
5700	3.719		3026	32.5	1280	65.6
5701	3.766		3028	32.5	1280	65.6
5702	3.703		3022	32.5	1280	65.4
5703	3.812		3084	31.9	1280	66.7
5704	3.891		3035	32.4	1280	65.6
5705	3.312		3063	32.1	1280	66.2
5706	3.828		3051	32.2	1280	65.9
5707	3.547		3037	32.4	1280	65.5
5708	3.438		3122	31.5	1280	67.3
5709	3.578		3114	31.6	1280	67.1
5710	3.828		3073	32.0	1280	66.1
5711	3.578		3072	32.0	1280	66.0
5712	3.734		3222	30.5	1280	69.2
5713	3.672		3089	31.8	1280	66.3
5714	3.703		3004	32.7	1280	64.4
5715	3.750		3072	32.0	1280	65.8
5716	3.703		3005	32.7	1280	64.4
5717	3.516		3117	31.5	1280	66.7
5718	3.609		2998	32.8	1280	64.1
5719	3.625		2983	33.0	1280	63.7
5720	3.609		3058	32.2	1280	65.3
5721	3.688		3029	32.4	1280	64.6
5722	3.500		3036	32.4	1280	64.7
5723	3.484		3054	32.2	1280	65.0
5724	4.094		3122	31.5	1280	66.5
5725	3.812		3123	31.5	1280	66.4
5726	3.469		3103	31.7	1280	65.9
5727	3.562		3042	32.3	1280	64.6
5728	4.062		3111	31.6	1280	66.0
5729	3.484		3075	32.0	1280	65.2
5730	3.844		3049	32.2	1280	64.6
5731	3.672		3007	32.7	1280	63.7
5732	3.750		3037	32.4	1280	64.2
5733	3.500		3072	32.0	1280	64.9
5734	3.469		3014	32.6	1280	63.6
5735	3.594		2988	32.9	1280	63.0
5736	3.500		3030	32.4	1280	63.9
5737	3.594		2966	33.1	1280	62.5
5738	3.438		3093	31.8	1280	65.1
5739	3.641		2957	33.2	1280	62.2
5740	3.625		3061	32.1	1280	64.3
5741	3.672		3106	31.6	1280	65.2
5742	3.734		2973	33.1	1280	62.4
5743	3.359		3041	32.3	1280	63.8
5744	3.781		3061	32.1	1280	64.1
5745	3.547		3023	32.5	1280	63.3
5746	3.703		2964	33.2	1280	62.0
5747	3.594		3068	32.0	1280	64.1
5748	3.641		3065	32.1	1280	64.0
5749	3.734		3104	31.7	1280	64.8
5750	3.781		3102	31.7	1280	64.7
5751	3.641	3.555	3020	32.6	1280	62.9
5752	3.594		3055	32.2	1280	63.6
5753	3.656		3116	31.5	1280	64.8
5754	3.797		3022	32.5	1280	62.8
5755	3.703		3027	32.5	1280	62.9
5756	3.812		2984	32.9	1280	61.9
5757	3.609		3002	32.7	1280	62.2
5758	3.609		3030	32.4	1280	62.8
5759	3.766		3022	32.5	1280	62.6
5760	3.750		2969	33.1	1280	61.4
5761	3.531		3085	31.9	1280	63.8
5762	3.625		3054	32.2	1280	63.1
5763	3.781		3040	32.3	1280	62.7
5764	3.750		3020	32.6	1280	62.3
5765	3.922		3030	32.4	1280	62.4
5766	3.688		3012	32.6	1280	62.0
5767	3.828		3052	32.2	1280	62.8
5768	4.219		3040	32.3	1280	62.5
5769	3.906		3138	31.3	1280	64.4
5770	3.547		3043	32.3	1280	62.4
5771	3.625		3080	31.9	1280	63.1
5772	3.516		3027	32.5	1280	62.0
5773	3.766		3038	32.4	1280	62.2
5774	3.531		3042	32.3	1280	62.2
5775	3.734		3035	32.4	1280	62.0
5776	3.656		3077	32.0	1280	62.8
5777	3.344		3092	31.8	1280	63.1
5778	3.688		2979	33.0	1280	60.7
5779	3.641		2978	33.0	1280	60.6
5780	3.250		3116	31.5	1280	63.4
5781	3.547		3019	32.6	1280	61.4
5782	3.766		3002	32.7	1280	61.0
5783	3.594		3009	32.7	1280	61.1
5784	3.609		3046	32.3	1280	61.8
5785	3.375		3008	32.7	1280	61.0
5786	3.500		3004	32.7	1280	60.8
5787	3.500		3039	32.3	1280	61.5
5788	3.688		3075	32.0	1280	62.2
5789	3.859		3018	32.6	1280	61.0
5790	3.609		3016	32.6	1280	60.9
5791	3.938		3057	32.2	1280	61.6
5792	3.828		2999	32.8	1280	60.4
5793	3.891		3090	31.8	1280	62.2
5794	3.562		3042	32.3	1280	61.2
5795	3.516		3023	32.5	1280	60.8
5796	3.797		3018	32.6	1280	60.6
5797	3.672		3011	32.6	1280	60.4
5798	3.828		3058	32.1	1280	61.3
5799	3.828		3161	31.1	1280	63.3
5800	3.484		3045	32.3	1280	60.9
5801	3.750		3024	32.5	1280	60.5
5802	3.766		3058	32.1	1280	61.1
5803	3.625		3018	32.6	1280	60.3
5804	3.656		3170	31.0	1280	63.2
5805	3.641		3088	31.8	1280	61.6
5806	3.562		3076	32.0	1280	61.3
5807	3.594		3119	31.5	1280	62.1
5808	3.969		3059	32.1	1280	60.8
5809	3.562		3048	32.3	1280	60.6
5810	3.672		2999	32.8	1280	59.5
5811	4.094		3200	30.7	1280	63.5
5812	3.734		3081	31.9	1280	61.1
5813	3.438		3063	32.1	1280	60.6
5814	3.891		3069	32.0	1280	60.7
5815	3.562		3089	31.8	1280	61.1
5816	3.625		3004	32.7	1280	59.3
5817	3.609		3018	32.6	1280	59.6
5818	3.609		3046	32.3	1280	60.1
5819	3.797		3074	32.0	1280	60.6
5820	3.531		2987	32.9	1280	58.8
5821	3.656		3050	32.2	1280	60.0
5822	3.703		3044	32.3	1280	59.8
5823	3.609		3029	32.5	1280	59.5
5824	3.547		3001	32.8	1280	58.9
5825	3.875		3028	32.5	1280	59.3
5826	3.547		2988	32.9	1280	58.5
5827	3.641		3047	32.3	1280	59.6
5828	3.578		2984	32.9	1280	58.3
5829	3.609		3021	32.5	1280	59.0
5830	3.578		2995	32.8	1280	58.4
5831	3.609		3029	32.5	1280	59.1
5832	3.578		3012	32.6	1280	58.7
5833	3.828		3032	32.4	1280	59.0
5834	3.547		3045	32.3	1280	59.2
5835	3.703		3088	31.8	1536	60.0
5836	3.641		3062	32.1	1536	59.4
5837	3.891		3171	31.0	1536	61.5
5838	3.641		3062	32.1	1536	59.4
5839	3.547		3107	31.6	1536	60.2
5840	3.875		3029	32.5	1536	58.6
5841	3.516		3122	31.5	1536	60.4
5842	3.641		3103	31.7	1536	59.9
5843	3.594		3278	30.0	1536	63.3
5844	3.984		3220	30.5	1536	62.1
5845	3.656		3029	32.5	1536	58.4
5846	3.609		3027	32.5	1536	58.3
5847	3.906		3167	31.0	1536	60.9
5848	3.484		3087	31.8	1536	59.3
5849	3.422		3071	32.0	1536	59.0
5850	3.609		3104	31.7	1536	59.5
5851	3.672		3036	32.4	1536	58.2
5852	3.844		3126	31.4	1536	59.9
5853	3.266		3086	31.9	1536	59.0
5854	4.000		3136	31.3	1536	60.0
5855	3.500		3043	32.3	1536	58.1
5856	3.328		3127	31.4	1536	59.7
5857	3.734		3059	32.1	1536	58.3
5858	3.562		3121	31.5	1536	59.5
5859	3.312		3222	30.5	1536	61.3
5860	3.672		3074	32.0	1536	58.5
5861	3.672		3005	32.7	1536	57.1
5862	3.297		3120	31.5	1536	59.2
5863	3.609		3091	31.8	1536	58.6
5864	3.328		3160	31.1	1536	59.9
5865	3.484		3001	32.8	1536	56.8
5866	3.203		3295	29.8	1536	62.3
5867	3.391		3163	31.1	1536	59.8
5868	3.422		3112	31.6	1536	58.8
5869	3.766		3085	31.9	1536	58.2
5870	3.703		3097	31.7	1536	58.4
5871	3.422		3063	32.1	1536	57.7
5872	3.594		3064	32.1	1536	57.7
5873	3.453		3135	31.4	1536	58.9
5874	3.594		3130	31.4	1536	58.8
5875	3.234		3081	31.9	1536	57.8
5876	3.562		3121	31.5	1536	58.5
5877	3.547		3104	31.7	1536	58.2
5878	3.328		3147	31.2	1536	58.9
5879	3.453		3088	31.8	1536	57.7
5880	3.797		3039	32.3	1536	56.8
5881	3.500		3012	32.6	1536	56.2
5882	3.375		3019	32.6	1536	56.3
5883	3.609		3126	31.4	1536	58.3
5884	3.891		3019	32.6	1536	56.2
5885	3.672		3093	31.8	1536	57.5
5886	3.406		3112	31.6	1536	57.8
5887	3.500		3120	31.5	1536	57.9
5888	3.406		3083	31.9	1536	57.2
5889	3.312		3154	31.2	1536	58.4
5890	3.250		2998	32.8	1536	55.5
5891	3.578		3117	31.5	1536	57.7
5892	3.438		3144	31.3	1536	58.1
5893	3.266		3127	31.4	1536	57.8
5894	3.219		3126	31.4	1536	57.7
5895	3.672		3103	31.7	1536	57.2
5896	3.531		3055	32.2	1536	56.3
5897	3.562		3063	32.1	1536	56.4
5898	3.281		3108	31.6	1536	57.1
5899	3.562		3105	31.7	1536	57.0
5900	3.312		3147	31.2	1536	57.7
5901	3.656		3153	31.2	1536	57.8
5902	3.672		3215	30.6	1536	58.9
5903	3.562		3135	31.4	1536	57.4
5904	3.484		3013	32.6	1536	55.1
5905	3.812		3202	30.7	1536	58.5
5906	3.688		3069	32.0	1536	56.0
5907	3.688		3095	31.8	1536	56.4
5908	3.594		3050	32.2	1536	55.6
5909	3.531		3115	31.6	1536	56.7
5910	3.531		3187	30.8	1536	57.9
5911	3.375		3034	32.4	1536	55.1
5912	3.766		3081	31.9	1536	55.9
5913	3.469		3030	32.4	1536	54.9
5914	3.359		3043	32.3	1536	55.1
5915	3.609		3089	31.8	1536	55.9
5916	3.516		3073	32.0	1536	55.6
5917	3.312		3134	31.4	1536	56.6
5918	3.672		3115	31.6	1536	56.2
5919	3.766		3191	30.8	1536	57.6
5920	3.500		3087	31.8	1536	55.6
5921	3.500		3098	31.7	1536	55.8
5922	3.578		3051	32.2	1536	54.9
5923	3.531		3143	31.3	1536	56.5
5924	3.453		3179	30.9	1536	57.1
5925	3.406		3087	31.8	1536	55.4
5926	3.312		3030	32.4	1536	54.3
5927	3.562		3203	30.7	1536	57.3
5928	3.609		3044	32.3	1536	54.4
5929	3.609		3091	31.8	1536	55.2
5930	3.500		3207	30.7	1536	57.2
5931	3.672		3161	31.1	1536	56.4
5932	3.297		3176	31.0	1536	56.6
5933	3.656		3069	32.0	1536	54.6
5934	3.594		3053	32.2	1536	54.3
5935	3.703		2997	32.8	1536	53.2
5936	3.703		3077	32.0	1536	54.6
5937	3.750		3134	31.4	1536	55.6
5938	3.406		3077	31.9	1536	54.5
5939	3.812		3020	32.6	1536	53.5
5940	3.594		3055	32.2	1536	54.0
5941	3.562		3127	31.4	1536	55.2
5942	3.703		3018	32.6	1536	53.3
5943	3.734		3120	31.5	1536	55.0
5944	3.797		3140	31.3	1536	55.3
5945	3.359		3163	31.1	1536	55.7
5946	3.594		3168	31.0	1536	55.7
5947	3.797		3173	31.0	1536	55.7
5948	3.562		3048	32.3	1536	53.5
5949	3.719		3224	30.5	1536	56.5
5950	3.938		3136	31.3	1536	54.9
5951	3.844		3039	32.4	1536	53.2
5952	3.797		3187	30.8	1536	55.7
5953	3.672		3072	32.0	1536	53.7
5954	3.641		3090	31.8	1536	53.9
5955	3.891		3100	31.7	1536	54.0
5956	3.516		3027	32.5	1536	52.7
5957	3.547		3097	31.7	1536	53.9
5958	3.781		3088	31.8	1536	53.7
5959	3.562		3065	32.1	1536	53.2
5960	3.938		3315	29.7	1536	57.5
5961	3.594		3172	31.0	1536	55.0
5962	3.656		3069	32.0	1536	53.1
5963	3.688		3335	29.5	1536	57.7
5964	3.594		3156	31.2	1536	54.5
5965	3.797		3128	31.4	1536	54.0
5966	3.531		3256	30.2	1536	56.2
5967	3.578		3112	31.6	1536	53.6
5968	3.125		3265	30.1	1536	56.2
5969	3.500		3141	31.3	1536	54.0
5970	3.500		3095	31.8	1536	53.2
5971	3.734		3083	31.9	1536	52.9
5972	3.531		3050	32.2	1536	52.3
5973	3.516		3061	32.1	1536	52.4
5974	3.750		3067	32.1	1536	52.5
5975	3.391		3056	32.2	1536	52.3
5976	3.547		3103	31.7	1536	53.0
5977	3.734		3205	30.7	1536	54.7
5978	3.688		3141	31.3	1536	53.6
5979	3.344		3223	30.5	1536	54.9
5980	3.422		3090	31.8	1536	52.6
5981	3.703		3084	31.9	1536	52.4
5982	3.578		3235	30.4	1536	54.9
5983	3.500		3165	31.1	1536	53.7
5984	3.578		3089	31.8	1536	52.4
5985	3.891		3085	31.9	1536	52.2
5986	3.703		3132	31.4	1536	53.0
5987	3.641		3114	31.6	1536	52.6
5988	3.562		3074	32.0	1536	51.9
5989	3.781		3089	31.8	1536	52.1
5990	3.844		3075	32.0	1536	51.8
5991	3.594		3055	32.2	1536	51.4
5992	3.656		3147	31.2	1536	52.9
5993	3.656		3104	31.7	1536	52.1
5994	3.625		3055	32.2	1536	51.3
5995	3.797		3134	31.4	1536	52.5
5996	3.828		3042	32.3	1536	51.0
5997	3.609		2957	33.2	1536	49.5
5998	3.516		2971	33.1	1536	49.7
5999	3.703		3024	32.5	1536	50.5
6000	3.641		3072	32.0	1536	51.3
6001	3.656	3.654	3057	32.2	1536	51.0
Saved checkpoint at step 6000
6002	3.562		5761	17.1	1536	95.9
6003	3.672		3077	31.9	1536	51.2
6004	3.625		3063	32.1	1536	50.9
6005	3.734		3041	32.3	1536	50.5
6006	3.766		3117	31.5	1536	51.7
6007	3.500		3086	31.9	1536	51.1
6008	3.484		3076	32.0	1536	50.9
6009	3.609		3019	32.6	1536	49.9
6010	3.750		3076	32.0	1536	50.8
6011	3.547		3148	31.2	1536	51.9
6012	3.547		3058	32.1	1536	50.4
6013	3.906		3054	32.2	1536	50.3
6014	3.703		3027	32.5	1536	49.8
6015	3.750		3123	31.5	1536	51.3
6016	3.422		3062	32.1	1536	50.3
6017	3.625		3028	32.5	1536	49.7
6018	3.625		3017	32.6	1536	49.4
6019	3.453		3057	32.2	1536	50.0
6020	3.484		3082	31.9	1536	50.4
6021	3.641		3106	31.7	1536	50.7
6022	3.562		3084	31.9	1536	50.3
6023	3.703		3134	31.4	1536	51.1
6024	3.734		3116	31.6	1536	50.7
6025	3.641		3064	32.1	1536	49.8
6026	3.500		3138	31.3	1536	51.0
6027	3.859		3095	31.8	1536	50.2
6028	3.703		3109	31.6	1536	50.4
6029	3.703		3076	32.0	1536	49.8
6030	3.688		3107	31.6	1536	50.3
6031	3.438		3021	32.5	1536	48.8
6032	3.734		3059	32.1	1536	49.4
6033	3.453		3060	32.1	1536	49.4
6034	3.766		3052	32.2	1536	49.2
6035	4.094		3106	31.6	1536	50.0
6036	3.484		3373	29.1	1536	54.2
6037	3.594		3094	31.8	1536	49.7
6038	3.594		3076	32.0	1536	49.4
6039	3.938		3231	30.4	1536	51.8
6040	3.422		3127	31.4	1536	50.1
6041	3.641		3077	31.9	1536	49.2
6042	3.750		3005	32.7	1536	48.0
6043	3.656		3050	32.2	1536	48.7
6044	3.531		3072	32.0	1536	49.0
6045	3.859		3028	32.5	1536	48.2
6046	3.859		3074	32.0	1536	48.9
6047	3.578		3210	30.6	1536	51.0
6048	3.516		3074	32.0	1536	48.8
6049	3.688		3145	31.3	1536	49.9
6050	3.516		3024	32.5	1536	47.9
6051	3.547		3041	32.3	1536	48.2
6052	3.766		3079	31.9	1536	48.7
6053	3.422		3020	32.6	1536	47.7
6054	3.406		2969	33.1	1536	46.9
6055	3.391		2994	32.8	1536	47.2
6056	3.781		3043	32.3	1536	47.9
6057	3.109		3298	29.8	1536	51.9
6058	3.531		3003	32.7	1536	47.2
6059	3.953		3111	31.6	1536	48.8
6060	3.703		3033	32.4	1536	47.6
6061	3.672		3018	32.6	1536	47.3
6062	3.547		3112	31.6	1536	48.7
6063	3.453		3087	31.8	1536	48.3
6064	3.656		3080	31.9	1536	48.1
6065	3.656		3063	32.1	1536	47.8
6066	3.672		3091	31.8	1536	48.2
6067	3.656		3073	32.0	1536	47.8
6068	3.891		3047	32.3	1536	47.4
6069	3.625		3176	31.0	1536	49.3
6070	3.594		3118	31.5	1536	48.4
6071	3.500		3033	32.4	1536	47.0
6072	3.500		3084	31.9	1536	47.8
6073	3.719		3186	30.9	1536	49.3
6074	3.891		3110	31.6	1536	48.0
6075	3.828		3142	31.3	1536	48.5
6076	3.609		3081	31.9	1536	47.5
6077	3.516		3060	32.1	1536	47.1
6078	3.547		3134	31.4	1536	48.2
6079	3.688		3076	32.0	1536	47.3
6080	3.594		2991	32.9	1536	45.9
6081	3.781		3195	30.8	1536	49.0
6082	3.703		3145	31.3	1536	48.2
6083	3.500		3053	32.2	1536	46.7
6084	3.703		3115	31.6	1536	47.6
6085	3.609		3110	31.6	1536	47.5
6086	3.719		3047	32.3	1536	46.5
6087	3.516		3026	32.5	1536	46.1
6088	3.672		3097	31.7	1536	47.1
6089	3.531		3015	32.6	1536	45.8
6090	3.625		3117	31.5	1536	47.3
6091	3.844		3186	30.9	1536	48.3
6092	3.531		3087	31.8	1536	46.8
6093	3.562		3035	32.4	1536	45.9
6094	3.406		3062	32.1	1536	46.3
6095	4.062		3189	30.8	1536	48.2
6096	3.516		3106	31.7	1536	46.8
6097	3.625		3149	31.2	1536	47.4
6098	3.734		3081	31.9	1536	46.4
6099	3.547		3106	31.6	1536	46.7
6100	3.594		3114	31.6	1536	46.8
6101	3.672		3027	32.5	1536	45.4
6102	3.672		3207	30.7	1536	48.0
6103	3.750		3208	30.6	1536	48.0
6104	3.828		3177	30.9	1536	47.5
6105	3.547		3025	32.5	1536	45.2
6106	3.641		3029	32.5	1536	45.2
6107	3.969		3038	32.4	1536	45.3
6108	3.531		3004	32.7	1536	44.7
6109	3.578		3103	31.7	1536	46.1
6110	3.562		3044	32.3	1536	45.2
6111	3.766		3120	31.5	1536	46.3
6112	4.031		3233	30.4	1536	47.9
6113	3.578		3188	30.8	1536	47.2
6114	3.344		3053	32.2	1536	45.1
6115	3.734		3176	31.0	1536	46.9
6116	3.328		3096	31.8	1536	45.7
6117	3.453		3072	32.0	1536	45.3
6118	3.359		3083	31.9	1536	45.4
6119	3.312		3069	32.0	1536	45.1
6120	3.547		3078	31.9	1536	45.2
6121	3.375		3040	32.3	1536	44.6
6122	3.297		3062	32.1	1536	44.9
6123	3.562		3087	31.8	1536	45.2
6124	3.766		3290	29.9	1536	48.1
6125	3.516		3057	32.2	1536	44.6
6126	3.625		3052	32.2	1536	44.5
6127	3.531		3067	32.1	1536	44.7
6128	3.359		3091	31.8	1536	45.0
6129	3.531		3065	32.1	1536	44.5
6130	3.547		3092	31.8	1536	44.9
6131	3.266		3095	31.8	1536	44.9
6132	3.500		3149	31.2	1536	45.6
6133	3.438		3136	31.3	1536	45.4
6134	3.219		3061	32.1	1536	44.2
6135	3.406		3073	32.0	1536	44.4
6136	3.500		3012	32.6	1536	43.4
6137	3.234		2984	32.9	1536	43.0
6138	3.531		3028	32.5	1536	43.6
6139	3.391		3100	31.7	1536	44.5
6140	3.547		3030	32.4	1536	43.5
6141	3.906		3094	31.8	1536	44.3
6142	3.266		3114	31.6	1536	44.6
6143	3.359		3077	32.0	1536	44.0
6144	3.500		3283	29.9	1536	46.9
6145	3.625		3083	31.9	1536	44.0
6146	3.312		3022	32.5	1536	43.1
6147	3.594		3097	31.7	1536	44.1
6148	3.547		3013	32.6	1536	42.8
6149	3.469		3046	32.3	1536	43.3
6150	3.359		3076	32.0	1536	43.6
6151	3.578		3138	31.3	1536	44.5
6152	3.078		3095	31.8	1536	43.8
6153	3.438		3119	31.5	1536	44.1
6154	3.344		3028	32.5	1536	42.7
6155	3.609		3030	32.4	1536	42.7
6156	3.688		3100	31.7	1536	43.7
6157	3.703		3102	31.7	1536	43.6
6158	3.172		3064	32.1	1536	43.1
6159	3.438		3093	31.8	1536	43.4
6160	3.516		3108	31.6	1536	43.6
6161	3.531		3098	31.7	1536	43.4
6162	3.625		3120	31.5	1536	43.6
6163	3.594		3070	32.0	1536	42.9
6164	3.312		3054	32.2	1536	42.6
6165	3.328		3013	32.6	1536	42.0
6166	3.156		3066	32.1	1536	42.7
6167	3.203		3124	31.5	1536	43.4
6168	3.469		3076	32.0	1536	42.7
6169	3.641		3210	30.6	1536	44.5
6170	3.609		3103	31.7	1536	43.0
6171	3.641		3077	32.0	1536	42.6
6172	3.703		3158	31.1	1536	43.6
6173	3.406		3080	31.9	1536	42.5
6174	3.469		3115	31.6	1536	42.9
6175	3.547		2987	32.9	1536	41.1
6176	3.609		3099	31.7	1536	42.6
6177	3.672		3124	31.5	1536	42.9
6178	3.766		3128	31.4	1536	42.9
6179	3.625		3102	31.7	1536	42.5
6180	3.641		3104	31.7	1536	42.5
6181	3.594		3013	32.6	1536	41.2
6182	3.500		3108	31.6	1536	42.4
6183	3.297		3152	31.2	1536	43.0
6184	3.359		3208	30.6	1536	43.7
6185	3.547		3097	31.7	1536	42.1
6186	3.578		3147	31.2	1536	42.7
6187	3.469		3077	32.0	1536	41.7
6188	3.547		3088	31.8	1536	41.8
6189	3.828		3043	32.3	1536	41.2
6190	3.453		3095	31.8	1536	41.8
6191	3.859		3118	31.5	1536	42.1
6192	3.625		3096	31.7	1536	41.7
6193	3.562		3089	31.8	1536	41.6
6194	3.875		3145	31.3	1536	42.3
6195	3.734		3215	30.6	1536	43.2
6196	3.781		3161	31.1	1536	42.4
6197	3.516		3094	31.8	1536	41.5
6198	3.422		3059	32.1	1536	40.9
6199	3.578		3044	32.3	1536	40.7
6200	3.703		3061	32.1	1536	40.9
6201	3.359		3121	31.5	1536	41.6
6202	3.078		3141	31.3	1536	41.8
6203	3.703		3091	31.8	1536	41.1
6204	3.734		3067	32.1	1536	40.7
6205	3.531		3137	31.3	1536	41.6
6206	3.594		3063	32.1	1536	40.6
6207	3.531		3122	31.5	1536	41.3
6208	3.438		3149	31.2	1536	41.6
6209	3.734		3092	31.8	1536	40.8
6210	3.547		2995	32.8	1536	39.5
6211	3.734		3028	32.5	1536	39.9
6212	3.797		3111	31.6	1536	40.9
6213	3.703		3050	32.2	1536	40.1
6214	3.578		3165	31.1	1536	41.5
6215	3.422		3104	31.7	1536	40.7
6216	3.750		3121	31.5	1536	40.8
6217	3.781		3091	31.8	1536	40.4
6218	3.531		2998	32.8	1536	39.1
6219	3.453		3164	31.1	1536	41.2
6220	3.875		3075	32.0	1536	40.0
6221	3.953		3136	31.3	1536	40.8
6222	3.562		3061	32.1	1536	39.7
6223	3.797		3189	30.8	1536	41.3
6224	3.766		3051	32.2	1536	39.5
6225	3.516		3052	32.2	1536	39.5
6226	3.656		3104	31.7	1536	40.1
6227	3.703		3006	32.7	1536	38.8
6228	3.625		3271	30.1	1536	42.1
6229	3.625		3117	31.5	1536	40.1
6230	3.875		3146	31.2	1536	40.4
6231	3.312		3123	31.5	1536	40.1
6232	3.625		3048	32.3	1536	39.1
6233	3.609		3195	30.8	1536	40.9
6234	3.688		3142	31.3	1536	40.2
6235	3.562		3029	32.5	1536	38.7
6236	3.859		3005	32.7	1536	38.3
6237	3.656		3180	30.9	1536	40.5
6238	3.719		3148	31.2	1536	40.0
6239	4.250		3208	30.6	1536	40.7
6240	3.547		3081	31.9	1536	39.1
6241	4.312		3346	29.4	1536	42.4
6242	3.781		3083	31.9	1536	39.0
6243	3.734		2991	32.9	1536	37.8
6244	2.953		3167	31.0	1536	40.0
6245	3.578		3068	32.0	1536	38.7
6246	3.750		3085	31.9	1536	38.8
6247	3.656		3072	32.0	1536	38.6
6248	3.828		3061	32.1	1536	38.4
6249	3.531		3111	31.6	1536	39.0
6250	3.641		3251	30.2	1536	40.7
6251	3.594	3.658	3074	32.0	1536	38.4
6252	3.594		3058	32.1	1536	38.2
6253	3.562		3092	31.8	1536	38.5
6254	3.750		3050	32.2	1536	38.0
6255	3.484		3094	31.8	1536	38.5
6256	3.578		3117	31.5	1536	38.7
6257	3.844		3132	31.4	1536	38.8
6258	3.797		3115	31.6	1536	38.6
6259	3.766		3077	32.0	1536	38.0
6260	3.766		3253	30.2	1536	40.2
6261	3.688		3162	31.1	1536	39.0
6262	3.500		2996	32.8	1536	36.9
6263	3.547		3058	32.1	1536	37.6
6264	3.656		2987	32.9	1536	36.7
6265	3.812		3054	32.2	1536	37.5
6266	3.297		3039	32.4	1536	37.2
6267	3.703		3013	32.6	1536	36.9
6268	3.750		3105	31.7	1536	37.9
6269	3.422		3082	31.9	1536	37.6
6270	3.625		3049	32.2	1536	37.1
6271	3.906		3096	31.8	1536	37.7
6272	3.469		3050	32.2	1536	37.1
6273	3.625		3094	31.8	1536	37.5
6274	3.516		3061	32.1	1536	37.1
6275	3.875		3125	31.5	1536	37.8
6276	3.609		3125	31.5	1536	37.8
6277	3.281		3157	31.1	1536	38.1
6278	3.641		3056	32.2	1536	36.8
6279	3.750		3053	32.2	1536	36.7
6280	3.594		3059	32.1	1536	36.8
6281	3.469		3134	31.4	1536	37.6
6282	3.422		3132	31.4	1536	37.5
6283	3.812		3128	31.4	1536	37.4
6284	3.797		3032	32.4	1536	36.2
6285	3.531		3099	31.7	1536	37.0
6286	3.625		3060	32.1	1536	36.5
6287	3.656		3079	31.9	1536	36.6
6288	3.438		3057	32.2	1536	36.3
6289	3.797		3268	30.1	1536	38.8
6290	3.484		3068	32.0	1536	36.4
6291	3.656		3086	31.9	1536	36.5
6292	3.672		2984	32.9	1536	35.3
6293	3.484		3020	32.6	1536	35.6
6294	2.797		3199	30.7	1536	37.7
6295	3.625		3096	31.8	1536	36.4
6296	3.375		3024	32.5	1536	35.5
6297	3.594		3147	31.2	1536	36.9
6298	3.703		3066	32.1	1536	35.9
6299	3.391		3015	32.6	1536	35.3
6300	3.469		3053	32.2	1536	35.7
6301	3.656		2992	32.9	1536	34.9
6302	3.734		3112	31.6	1536	36.3
6303	3.422		3092	31.8	1536	36.0
6304	3.562		3010	32.7	1536	35.0
6305	3.516		3063	32.1	1536	35.5
6306	3.562		3057	32.2	1536	35.4
6307	3.688		3110	31.6	1536	36.0
6308	3.844		3081	31.9	1536	35.6
6309	3.891		3122	31.5	1536	36.0
6310	3.812		3071	32.0	1536	35.4
6311	3.469		3061	32.1	1536	35.2
6312	3.609		3044	32.3	1536	35.0
6313	3.672		3038	32.4	1536	34.8
6314	3.656		3039	32.4	1536	34.8
6315	3.453		3075	32.0	1536	35.2
6316	3.312		3049	32.2	1536	34.8
6317	3.750		3085	31.9	1536	35.2
6318	3.672		3017	32.6	1536	34.3
6319	3.703		3043	32.3	1536	34.6
6320	3.531		3040	32.3	1536	34.5
6321	3.500		3065	32.1	1536	34.7
6322	3.562		3032	32.4	1536	34.3
6323	3.594		3042	32.3	1536	34.4
6324	3.516		3047	32.3	1536	34.4
6325	3.875		3247	30.3	1536	36.6
6326	3.062		3275	30.0	1536	36.8
6327	3.625		3176	31.0	1536	35.7
6328	3.641		3078	31.9	1536	34.5
6329	3.641		3252	30.2	1536	36.4
6330	3.625		3070	32.0	1536	34.3
6331	3.547		3028	32.5	1536	33.8
6332	3.516		3079	31.9	1536	34.3
6333	3.531		3017	32.6	1536	33.6
6334	3.469		3001	32.8	1536	33.4
6335	3.500		3055	32.2	1536	33.9
6336	3.453		3034	32.4	1536	33.6
6337	3.500		3053	32.2	1536	33.8
6338	3.219		3151	31.2	1536	34.8
6339	3.828		3067	32.1	1536	33.8
6340	4.062		3040	32.3	1536	33.5
6341	3.500		3045	32.3	1536	33.5
6342	3.703		3078	31.9	1536	33.8
6343	3.188		3100	31.7	1536	34.0
6344	3.484		3069	32.0	1536	33.6
6345	3.344		3051	32.2	1536	33.4
6346	3.484		3078	31.9	1536	33.6
6347	3.531		3034	32.4	1536	33.1
6348	3.500		3050	32.2	1536	33.2
6349	3.734		3073	32.0	1536	33.4
6350	3.547		3060	32.1	1536	33.2
6351	3.531		3026	32.5	1536	32.8
6352	3.562		3118	31.5	1536	33.7
6353	3.562		3159	31.1	1536	34.1
6354	3.688		3147	31.2	1536	33.9
6355	3.578		3010	32.7	1536	32.4
6356	3.688		3059	32.1	1536	32.9
6357	3.766		3043	32.3	1536	32.7
6358	3.391		3211	30.6	1536	34.4
6359	3.516		3093	31.8	1536	33.1
6360	3.469		3029	32.5	1536	32.4
6361	3.703		3048	32.2	1536	32.5
6362	3.609		3073	32.0	1536	32.7
6363	3.547		3094	31.8	1536	32.9
6364	3.453		3088	31.8	1536	32.8
6365	3.406		3121	31.5	1536	33.1
6366	3.609		3167	31.0	1536	33.5
6367	3.703		3000	32.8	1536	31.7
6368	3.406		3048	32.2	1536	32.2
6369	3.516		3083	31.9	1536	32.5
6370	3.359		3020	32.6	1536	31.8
6371	3.219		3047	32.3	1536	32.0
6372	3.484		3091	31.8	1536	32.4
6373	3.484		3130	31.4	1536	32.8
6374	3.359		3104	31.7	1536	32.4
6375	3.141		3094	31.8	1536	32.3
6376	3.328		3017	32.6	1536	31.4
6377	3.484		3057	32.2	1536	31.8
6378	3.406		3143	31.3	1536	32.6
6379	3.297		3066	32.1	1536	31.8
6380	3.562		3022	32.5	1536	31.3
6381	3.578		3063	32.1	1536	31.7
6382	3.453		3046	32.3	1536	31.4
6383	3.562		3223	30.5	1536	33.2
6384	3.312		3105	31.7	1536	31.9
6385	3.453		3056	32.2	1536	31.4
6386	3.406		3009	32.7	1536	30.8
6387	3.766		3047	32.3	1536	31.2
6388	3.641		3027	32.5	1536	30.9
6389	3.672		3066	32.1	1536	31.3
6390	3.312		3109	31.6	1536	31.7
6391	3.547		3077	32.0	1536	31.3
6392	3.375		3017	32.6	1536	30.6
6393	3.547		3106	31.7	1536	31.5
6394	3.391		3110	31.6	1536	31.5
6395	3.391		3084	31.9	1536	31.2
6396	3.516		3056	32.2	1536	30.8
6397	3.609		3044	32.3	1536	30.6
6398	3.688		3187	30.8	1536	32.0
6399	3.234		3101	31.7	1536	31.1
6400	3.234		3109	31.6	1536	31.1
6401	3.562		3108	31.6	1536	31.1
6402	3.609		3118	31.5	1536	31.1
6403	3.375		3114	31.6	1536	31.0
6404	3.312		3073	32.0	1536	30.6
6405	3.344		3123	31.5	1536	31.0
6406	3.469		3082	31.9	1536	30.6
6407	4.031		3138	31.3	1536	31.1
6408	3.344		3031	32.4	1536	30.0
6409	3.484		3081	31.9	1536	30.4
6410	3.375		3029	32.5	1536	29.8
6411	3.672		3103	31.7	1536	30.5
6412	3.688		3042	32.3	1536	29.9
6413	3.266		3062	32.1	1536	30.0
6414	3.844		3129	31.4	1536	30.6
6415	3.484		3073	32.0	1536	30.0
6416	3.828		3141	31.3	1536	30.6
6417	3.516		3243	30.3	1536	31.6
6418	3.500		3105	31.7	1536	30.2
6419	3.406		3079	31.9	1536	29.9
6420	3.297		3066	32.1	1536	29.7
6421	3.625		2996	32.8	1536	29.0
6422	3.156		3088	31.8	1536	29.8
6423	3.328		3094	31.8	1536	29.8
6424	3.609		3136	31.3	1536	30.2
6425	3.203		3151	31.2	1536	30.2
6426	3.328		3089	31.8	1536	29.6
6427	3.672		3070	32.0	1536	29.4
6428	3.438		3089	31.8	1536	29.5
6429	3.375		3151	31.2	1536	30.0
6430	3.703		3044	32.3	1536	29.0
6431	3.516		3064	32.1	1536	29.1
6432	3.438		3088	31.8	1536	29.3
6433	3.562		3016	32.6	1536	28.6
6434	3.828		3116	31.5	1536	29.5
6435	3.469		3128	31.4	1536	29.5
6436	3.750		3026	32.5	1536	28.5
6437	3.391		3038	32.4	1536	28.6
6438	3.484		3081	31.9	1536	28.9
6439	3.594		3109	31.6	1536	29.1
6440	3.594		3181	30.9	1536	29.7
6441	3.188		3140	31.3	1536	29.3
6442	3.422		3129	31.4	1536	29.1
6443	3.562		3157	31.1	1536	29.4
6444	3.562		3071	32.0	1536	28.5
6445	3.656		3144	31.3	1536	29.1
6446	3.562		3172	31.0	1536	29.3
6447	3.734		3124	31.5	1536	28.8
6448	3.281		3057	32.2	1536	28.2
6449	3.531		3199	30.7	1536	29.4
6450	3.859		3195	30.8	1536	29.3
6451	3.047		3207	30.7	1536	29.4
6452	3.562		3078	31.9	1536	28.2
6453	3.547		3079	31.9	1536	28.1
6454	3.547		3119	31.5	1536	28.4
6455	3.547		3209	30.6	1536	29.2
6456	3.578		3076	32.0	1536	27.9
6457	3.906		3220	30.5	1536	29.2
6458	3.484		3049	32.2	1536	27.6
6459	3.344		3076	32.0	1536	27.8
6460	3.594		3064	32.1	1536	27.6
6461	3.297		3053	32.2	1536	27.5
6462	3.562		3065	32.1	1536	27.5
6463	3.625		3064	32.1	1536	27.5
6464	3.344		3055	32.2	1536	27.3
6465	3.766		3100	31.7	1536	27.7
6466	3.672		3204	30.7	1536	28.6
6467	4.656		3235	30.4	1536	28.8
6468	3.609		3096	31.7	1536	27.5
6469	3.438		3138	31.3	1536	27.8
6470	3.781		3058	32.1	1536	27.1
6471	3.391		3067	32.1	1536	27.1
6472	3.219		3104	31.7	1536	27.4
6473	3.562		3274	30.0	1536	28.8
6474	3.641		3123	31.5	1536	27.4
6475	3.734		3130	31.4	1536	27.4
6476	3.531		3066	32.1	1536	26.8
6477	3.484		3038	32.4	1536	26.5
6478	3.703		3093	31.8	1536	27.0
6479	3.703		3055	32.2	1536	26.6
6480	3.312		3257	30.2	1536	28.3
6481	3.672		3153	31.2	1536	27.3
6482	3.578		3003	32.7	1536	26.0
6483	3.469		3043	32.3	1536	26.3
6484	3.531		3120	31.5	1536	26.9
6485	3.859		3119	31.5	1536	26.8
6486	3.641		3168	31.0	1536	27.2
6487	3.594		3088	31.8	1536	26.5
6488	3.344		3085	31.9	1536	26.4
6489	3.562		3040	32.3	1536	25.9
6490	3.516		3085	31.9	1536	26.3
6491	3.531		2985	32.9	1536	25.4
6492	3.469		3089	31.8	1536	26.2
6493	3.344		3133	31.4	1536	26.5
6494	3.703		3086	31.9	1536	26.1
6495	3.641		3217	30.6	1536	27.1
6496	3.688		3088	31.8	1536	26.0
6497	3.516		3003	32.7	1536	25.2
6498	3.531		3034	32.4	1536	25.4
6499	3.578		3063	32.1	1536	25.6
6500	3.469		3024	32.5	1536	25.3
6501	3.547	3.475	3080	31.9	1536	25.7
Saved checkpoint at step 6500
6502	3.516		5765	17.1	1536	47.9
6503	3.703		3018	32.6	1536	25.0
6504	3.562		3032	32.4	1536	25.1
6505	3.609		2992	32.9	1536	24.7
6506	3.719		3171	31.0	1536	26.2
6507	3.766		3093	31.8	1536	25.5
6508	3.578		3113	31.6	1536	25.6
6509	3.578		2931	33.5	1536	24.0
6510	3.781		3072	32.0	1536	25.1
6511	3.641		3033	32.4	1536	24.8
6512	3.688		3066	32.1	1536	25.0
6513	3.562		3047	32.3	1536	24.8
6514	3.609		3050	32.2	1536	24.8
6515	3.578		3047	32.3	1536	24.7
6516	3.672		2960	33.2	1536	23.9
6517	3.672		3077	31.9	1536	24.8
6518	3.641		3062	32.1	1536	24.7
6519	3.609		3063	32.1	1536	24.6
6520	3.500		3071	32.0	1536	24.6
6521	3.609		3031	32.4	1536	24.2
6522	3.594		3093	31.8	1536	24.7
6523	3.594		3020	32.6	1536	24.1
6524	3.172		3120	31.5	1536	24.8
6525	3.625		3067	32.0	1536	24.3
6526	3.703		3044	32.3	1536	24.1
6527	3.484		3035	32.4	1536	24.0
6528	3.406		3046	32.3	1536	24.0
6529	3.625		3279	30.0	1536	25.8
6530	3.672		3124	31.5	1536	24.5
6531	3.562		3111	31.6	1536	24.4
6532	3.750		3070	32.0	1536	24.0
6533	3.656		3082	31.9	1536	24.0
6534	3.734		2996	32.8	1536	23.3
6535	4.031		3065	32.1	1536	23.8
6536	3.547		3075	32.0	1536	23.8
6537	3.297		3139	31.3	1536	24.3
6538	3.578		3192	30.8	1536	24.6
6539	3.359		3105	31.7	1536	23.9
6540	3.719		2989	32.9	1536	23.0
6541	3.594		3060	32.1	1536	23.5
6542	3.453		2994	32.8	1536	22.9
6543	3.609		3119	31.5	1536	23.8
6544	3.562		3042	32.3	1536	23.2
6545	3.562		3035	32.4	1536	23.1
6546	3.438		3052	32.2	1536	23.1
6547	3.500		3320	29.6	1536	25.1
6548	3.688		3031	32.4	1536	22.9
6549	3.438		3067	32.0	1536	23.1
6550	3.891		3138	31.3	1536	23.6
6551	3.375		3312	29.7	1536	24.8
6552	3.547		3079	31.9	1536	23.0
6553	3.562		3050	32.2	1536	22.8
6554	3.469		3040	32.3	1536	22.6
6555	3.375		3014	32.6	1536	22.4
6556	3.781		3121	31.5	1536	23.1
6557	3.703		3061	32.1	1536	22.7
6558	3.609		3014	32.6	1536	22.3
6559	3.422		3129	31.4	1536	23.1
6560	3.562		3069	32.0	1536	22.6
6561	3.281		3150	31.2	1536	23.1
6562	3.531		3088	31.8	1536	22.6
6563	3.406		3078	31.9	1536	22.5
6564	3.578		3057	32.2	1536	22.3
6565	3.531		3041	32.3	1536	22.1
6566	3.359		3043	32.3	1536	22.1
6567	3.625		2996	32.8	1536	21.7
6568	3.672		3020	32.5	1536	21.8
6569	3.734		3069	32.0	1536	22.1
6570	3.609		3171	31.0	1536	22.8
6571	3.500		3162	31.1	1536	22.7
6572	3.594		3175	31.0	1536	22.7
6573	3.578		3090	31.8	1536	22.0
6574	3.516		3110	31.6	1536	22.1
6575	3.609		3057	32.2	1536	21.7
6576	3.484		3060	32.1	1536	21.7
6577	3.547		3087	31.8	1536	21.8
6578	3.516		3052	32.2	1536	21.5
6579	3.484		3009	32.7	1536	21.2
6580	3.406		3042	32.3	1536	21.3
6581	3.406		3020	32.5	1536	21.1
6582	3.484		3133	31.4	1536	21.9
6583	3.703		3055	32.2	1536	21.3
6584	3.484		3109	31.6	1536	21.6
6585	3.625		3099	31.7	1536	21.5
6586	3.453		3078	31.9	1536	21.3
6587	3.672		3059	32.1	1536	21.1
6588	3.281		3174	31.0	1536	21.9
6589	3.531		3048	32.2	1536	20.9
6590	3.469		3018	32.6	1536	20.7
6591	4.000		3063	32.1	1536	20.9
6592	3.250		3165	31.1	1536	21.6
6593	3.531		3109	31.6	1536	21.1
6594	3.484		3139	31.3	1536	21.3
6595	3.391		3025	32.5	1536	20.5
6596	3.812		3061	32.1	1536	20.7
6597	3.344		3179	30.9	1536	21.4
6598	3.500		3171	31.0	1536	21.3
6599	3.453		3099	31.7	1536	20.8
6600	3.531		3039	32.4	1536	20.3
6601	3.453		3020	32.5	1536	20.1
6602	3.219		3032	32.4	1536	20.2
6603	3.656		3091	31.8	1536	20.5
6604	3.422		3161	31.1	1536	20.9
6605	3.703		3073	32.0	1536	20.3
6606	3.594		3049	32.2	1536	20.1
6607	3.516		3172	31.0	1536	20.8
6608	3.375		3053	32.2	1536	20.0
6609	3.641		3060	32.1	1536	20.0
6610	3.422		3216	30.6	1536	21.0
6611	3.266		3040	32.3	1536	19.8
6612	3.781		3084	31.9	1536	20.0
6613	3.422		3072	32.0	1536	19.9
6614	3.672		3081	31.9	1536	19.9
6615	3.453		3081	31.9	1536	19.8
6616	3.453		3065	32.1	1536	19.7
6617	3.844		3086	31.9	1536	19.7
6618	3.500		3122	31.5	1536	19.9
6619	3.859		3060	32.1	1536	19.5
6620	3.391		3035	32.4	1536	19.3
6621	3.219		3099	31.7	1536	19.6
6622	3.703		3125	31.5	1536	19.7
6623	3.422		3104	31.7	1536	19.6
6624	3.344		3025	32.5	1536	19.0
6625	3.406		3132	31.4	1536	19.6
6626	3.531		3037	32.4	1536	19.0
6627	3.969		3103	31.7	1536	19.3
6628	3.812		3077	31.9	1536	19.1
6629	3.562		3104	31.7	1536	19.2
6630	3.469		3037	32.4	1536	18.8
6631	3.484		3089	31.8	1536	19.1
6632	3.297		3071	32.0	1536	18.9
6633	3.641		3079	31.9	1536	18.9
6634	3.641		3091	31.8	1536	18.9
6635	3.422		3062	32.1	1536	18.7
6636	3.109		3100	31.7	1536	18.9
6637	3.531		3089	31.8	1536	18.7
6638	3.656		3161	31.1	1536	19.1
6639	3.406		3072	32.0	1536	18.5
6640	3.141		3100	31.7	1536	18.7
6641	3.406		3097	31.7	1536	18.6
6642	3.562		3086	31.9	1536	18.5
6643	3.500		3086	31.9	1536	18.4
6644	3.766		3153	31.2	1536	18.8
6645	3.547		3126	31.4	1536	18.5
6646	3.719		3123	31.5	1536	18.5
6647	3.484		3103	31.7	1536	18.3
6648	3.359		3160	31.1	1536	18.6
6649	3.578		3062	32.1	1536	18.0
6650	3.250		3110	31.6	1536	18.2
6651	3.156		3144	31.3	1536	18.3
6652	3.422		3148	31.2	1536	18.3
6653	3.781		3117	31.5	1536	18.1
6654	3.578		3057	32.2	1536	17.7
6655	3.531		3083	31.9	1536	17.8
6656	3.250		3134	31.4	1536	18.0
6657	3.625		3123	31.5	1536	17.9
6658	3.828		3076	32.0	1536	17.6
6659	3.484		3123	31.5	1536	17.8
6660	3.312		3082	31.9	1536	17.5
6661	3.266		3074	32.0	1536	17.4
6662	3.594		3055	32.2	1536	17.3
6663	3.328		3108	31.6	1536	17.5
6664	3.406		3083	31.9	1536	17.3
6665	3.891		3168	31.0	1536	17.7
6666	3.156		3111	31.6	1536	17.4
6667	3.578		3060	32.1	1536	17.0
6668	3.688		3152	31.2	1536	17.5
6669	3.391		3177	30.9	1536	17.6
6670	3.688		3223	30.5	1536	17.8
6671	3.312		3106	31.6	1536	17.1
6672	3.531		3232	30.4	1536	17.7
6673	3.344		3216	30.6	1536	17.6
6674	3.203		3056	32.2	1536	16.7
6675	3.328		3102	31.7	1536	16.9
6676	3.453		3062	32.1	1536	16.6
6677	3.438		3150	31.2	1536	17.0
6678	3.422		3108	31.6	1536	16.7
6679	3.500		3080	31.9	1536	16.5
6680	3.453		3042	32.3	1536	16.3
6681	3.422		3036	32.4	1536	16.2
6682	3.422		3081	31.9	1536	16.4
6683	3.078		3108	31.6	1536	16.5
6684	3.609		3024	32.5	1536	16.0
6685	4.000		3103	31.7	1536	16.3
6686	3.266		3028	32.5	1536	15.9
6687	3.641		3055	32.2	1536	16.0
6688	3.344		3108	31.6	1536	16.2
6689	3.406		3136	31.3	1536	16.3
6690	3.781		3222	30.5	1536	16.7
6691	3.766		3209	30.6	1536	16.6
6692	3.422		3141	31.3	1536	16.2
6693	3.406		3118	31.5	1536	16.0
6694	3.719		3059	32.1	1536	15.6
6695	3.750		3046	32.3	1536	15.5
6696	3.688		3125	31.5	1536	15.9
6697	3.703		3074	32.0	1536	15.6
6698	3.375		3044	32.3	1536	15.4
6699	3.672		3093	31.8	1536	15.6
6700	3.750		3138	31.3	1536	15.7
6701	3.594		3094	31.8	1536	15.5
6702	3.562		3034	32.4	1536	15.1
6703	3.703		3195	30.8	1536	15.9
6704	3.562		3153	31.2	1536	15.6
6705	3.703		3119	31.5	1536	15.4
6706	3.453		3170	31.0	1536	15.6
6707	3.438		3093	31.8	1536	15.2
6708	3.875		3127	31.4	1536	15.3
6709	3.594		3160	31.1	1536	15.4
6710	3.516		3117	31.5	1536	15.1
6711	3.422		3106	31.7	1536	15.0
6712	3.375		3137	31.3	1536	15.1
6713	3.781		3072	32.0	1536	14.7
6714	3.453		3058	32.1	1536	14.6
6715	3.656		3010	32.7	1536	14.3
6716	3.672		3146	31.2	1536	14.9
6717	3.672		3152	31.2	1536	14.9
6718	3.641		3123	31.5	1536	14.7
6719	3.562		3053	32.2	1536	14.3
6720	3.531		3202	30.7	1536	15.0
6721	3.578		3051	32.2	1536	14.2
6722	3.672		2983	33.0	1536	13.9
6723	3.250		3071	32.0	1536	14.2
6724	3.609		3062	32.1	1536	14.1
6725	3.469		3138	31.3	1536	14.4
6726	3.750		3109	31.6	1536	14.2
6727	3.594		3032	32.4	1536	13.8
6728	3.422		3041	32.3	1536	13.8
6729	3.562		3173	31.0	1536	14.4
6730	3.547		3105	31.7	1536	14.0
6731	3.500		3073	32.0	1536	13.8
6732	3.422		3047	32.3	1536	13.7
6733	3.625		3076	32.0	1536	13.7
6734	3.438		3070	32.0	1536	13.7
6735	3.734		3322	29.6	1536	14.7
6736	3.281		3254	30.2	1536	14.4
6737	3.766		3061	32.1	1536	13.5
6738	3.625		3102	31.7	1536	13.6
6739	3.484		3112	31.6	1536	13.6
6740	3.484		3127	31.4	1536	13.6
6741	3.609		3113	31.6	1536	13.5
6742	3.375		3125	31.5	1536	13.5
6743	3.500		3026	32.5	1536	13.0
6744	3.719		3029	32.5	1536	13.0
6745	3.734		3124	31.5	1536	13.3
6746	3.688		3133	31.4	1536	13.3
6747	3.609		3026	32.5	1536	12.8
6748	3.391		3047	32.3	1536	12.8
6749	3.203		3199	30.7	1536	13.4
6750	3.844		3044	32.3	1536	12.7
6751	3.672	3.580	3041	32.3	1536	12.7
6752	3.688		3149	31.2	1536	13.1
6753	3.766		3146	31.2	1536	13.0
6754	3.453		3027	32.5	1536	12.5
6755	3.781		3100	31.7	1536	12.7
6756	3.703		3102	31.7	1536	12.7
6757	3.672		3134	31.4	1536	12.7
6758	3.375		3017	32.6	1536	12.2
6759	3.594		3085	31.9	1536	12.4
6760	3.641		3077	32.0	1536	12.4
6761	3.750		3022	32.5	1536	12.1
6762	3.719		3052	32.2	1536	12.2
6763	3.469		3090	31.8	1536	12.3
6764	3.438		3129	31.4	1536	12.4
6765	3.781		3070	32.0	1536	12.1
6766	4.156		3229	30.4	1536	12.6
6767	3.562		3127	31.4	1536	12.2
6768	3.594		3013	32.6	1536	11.7
6769	3.781		3229	30.4	1536	12.5
6770	3.469		3064	32.1	1536	11.8
6771	3.516		3084	31.9	1536	11.8
6772	3.453		3128	31.4	1536	11.9
6773	3.531		2998	32.8	1536	11.4
6774	3.469		3016	32.6	1536	11.4
6775	3.547		3052	32.2	1536	11.5
6776	3.703		3009	32.7	1536	11.3
6777	3.531		3075	32.0	1536	11.5
6778	3.859		3103	31.7	1536	11.5
6779	3.344		3144	31.3	1536	11.6
6780	3.594		3037	32.4	1536	11.2
6781	3.703		3147	31.2	1536	11.5
6782	3.453		3069	32.0	1536	11.2
6783	3.719		2998	32.8	1536	10.9
6784	3.734		3037	32.4	1536	11.0
6785	3.625		3092	31.8	1536	11.1
6786	3.469		3042	32.3	1536	10.9
6787	3.438		3086	31.9	1536	11.0
6788	3.547		3207	30.7	1536	11.4
6789	3.781		3036	32.4	1536	10.7
6790	3.828		3115	31.6	1536	11.0
6791	3.453		3104	31.7	1536	10.9
6792	3.578		3025	32.5	1536	10.5
6793	3.500		3021	32.5	1536	10.5
6794	3.609		3049	32.2	1536	10.5
6795	3.609		3040	32.3	1536	10.4
6796	3.359		3182	30.9	1536	10.9
6797	3.172		3059	32.1	1536	10.4
6798	3.641		3100	31.7	1536	10.5
6799	3.453		3092	31.8	1536	10.4
6800	3.359		3028	32.5	1536	10.1
6801	3.609		3116	31.5	1536	10.4
6802	3.812		3056	32.2	1536	10.1
6803	3.578		2975	33.0	1536	9.8
6804	3.688		2993	32.8	1536	9.8
6805	3.906		3207	30.7	1536	10.5
6806	3.562		3028	32.5	1536	9.8
6807	3.375		2971	33.1	1536	9.6
6808	3.625		3035	32.4	1536	9.8
6809	3.562		3073	32.0	1536	9.8
6810	3.297		3158	31.1	1536	10.1
6811	3.547		3142	31.3	1536	9.9
6812	3.438		3012	32.6	1536	9.5
6813	3.781		3041	32.3	1536	9.5
6814	3.469		3053	32.2	1536	9.5
6815	3.625		3092	31.8	1536	9.6
6816	3.516		3048	32.2	1536	9.4
6817	3.594		3044	32.3	1536	9.3
6818	3.609		2999	32.8	1536	9.1
6819	3.172		3129	31.4	1536	9.5
6820	3.453		3043	32.3	1536	9.2
6821	3.516		3056	32.2	1536	9.2
6822	3.438		3056	32.2	1536	9.1
6823	3.516		3040	32.3	1536	9.0
6824	3.703		3112	31.6	1536	9.2
6825	3.594		3178	30.9	1536	9.3
6826	3.531		3045	32.3	1536	8.9
6827	3.578		3084	31.9	1536	8.9
6828	3.578		3064	32.1	1536	8.8
6829	3.484		3172	31.0	1536	9.1
6830	3.438		3089	31.8	1536	8.8
6831	3.438		3021	32.5	1536	8.6
6832	4.938		3197	30.8	1536	9.0
6833	3.391		3055	32.2	1536	8.6
6834	3.219		3074	32.0	1536	8.6
6835	3.391		3115	31.6	1536	8.6
6836	3.719		3152	31.2	1536	8.7
6837	3.516		3066	32.1	1536	8.4
6838	3.516		3063	32.1	1536	8.3
6839	3.625		3054	32.2	1536	8.2
6840	3.672		3097	31.7	1536	8.3
6841	3.312		2999	32.8	1536	8.0
6842	3.375		3071	32.0	1536	8.1
6843	3.281		2987	32.9	1536	7.9
6844	3.531		3024	32.5	1536	7.9
6845	3.359		3012	32.6	1536	7.8
6846	3.312		3257	30.2	1536	8.4
6847	3.406		3149	31.2	1536	8.1
6848	3.688		3162	31.1	1536	8.1
6849	3.672		3117	31.5	1536	7.9
6850	3.562		3098	31.7	1536	7.8
6851	3.375		3156	31.1	1536	7.9
6852	3.500		3137	31.3	1536	7.8
6853	3.453		3091	31.8	1536	7.6
6854	3.672		3092	31.8	1536	7.6
6855	3.609		3160	31.1	1536	7.7
6856	3.547		3011	32.6	1536	7.3
6857	3.266		3020	32.5	1536	7.2
6858	3.281		3066	32.1	1536	7.3
6859	3.594		3016	32.6	1536	7.1
6860	3.547		3112	31.6	1536	7.3
6861	3.531		3065	32.1	1536	7.2
6862	3.375		3056	32.2	1536	7.1
6863	3.547		3065	32.1	1536	7.0
6864	3.359		3023	32.5	1536	6.9
6865	3.609		3056	32.2	1536	6.9
6866	3.391		3073	32.0	1536	6.9
6867	3.781		3088	31.8	1536	6.9
6868	3.531		3029	32.5	1536	6.7
6869	3.594		3070	32.0	1536	6.8
6870	3.609		2982	33.0	1536	6.5
6871	3.375		3072	32.0	1536	6.7
6872	3.422		3028	32.5	1536	6.5
6873	3.812		3211	30.6	1536	6.8
6874	3.484		3214	30.6	1536	6.8
6875	3.344		3078	31.9	1536	6.5
6876	3.609		3012	32.6	1536	6.3
6877	3.250		3012	32.6	1536	6.2
6878	3.484		3057	32.2	1536	6.3
6879	3.266		3026	32.5	1536	6.2
6880	3.484		3091	31.8	1536	6.2
6881	3.531		3101	31.7	1536	6.2
6882	3.578		3112	31.6	1536	6.2
6883	3.625		3170	31.0	1536	6.2
6884	3.688		3079	31.9	1536	6.0
6885	3.297		3101	31.7	1536	6.0
6886	3.203		3123	31.5	1536	6.0
6887	3.422		3121	31.5	1536	5.9
6888	3.203		3108	31.6	1536	5.9
6889	3.453		3032	32.4	1536	5.7
6890	3.422		3113	31.6	1536	5.8
6891	3.266		3141	31.3	1536	5.8
6892	3.312		3020	32.5	1536	5.5
6893	3.422		3028	32.5	1536	5.5
6894	3.422		3099	31.7	1536	5.5
6895	3.516		3119	31.5	1536	5.5
6896	3.516		3088	31.8	1536	5.4
6897	3.516		3083	31.9	1536	5.3
6898	3.469		3125	31.5	1536	5.4
6899	3.516		3111	31.6	1536	5.3
6900	3.438		3086	31.9	1536	5.2
6901	3.375		3054	32.2	1536	5.1
6902	3.312		3085	31.9	1536	5.1
6903	3.328		3033	32.4	1536	5.0
6904	3.312		3025	32.5	1536	4.9
6905	3.453		3008	32.7	1536	4.8
6906	3.328		3083	31.9	1536	4.9
6907	3.188		3113	31.6	1536	4.9
6908	3.328		3063	32.1	1536	4.7
6909	3.375		3109	31.6	1536	4.8
6910	3.656		3107	31.6	1536	4.7
6911	3.391		3183	30.9	1536	4.8
6912	3.469		3115	31.6	1536	4.6
6913	3.594		3275	30.0	1536	4.8
6914	3.766		3142	31.3	1536	4.6
6915	3.266		3009	32.7	1536	4.3
6916	3.312		3008	32.7	1536	4.3
6917	3.500		3086	31.9	1536	4.3
6918	3.359		3070	32.0	1536	4.2
6919	3.594		3043	32.3	1536	4.2
6920	3.484		3031	32.4	1536	4.1
6921	3.609		3031	32.4	1536	4.0
6922	3.406		3128	31.4	1536	4.1
6923	3.344		3079	31.9	1536	4.0
6924	3.500		3105	31.7	1536	4.0
6925	3.203		3057	32.2	1536	3.9
6926	3.453		3064	32.1	1536	3.8
6927	3.312		3070	32.0	1536	3.8
6928	3.375		3090	31.8	1536	3.8
6929	3.547		3054	32.2	1536	3.7
6930	3.688		3154	31.2	1536	3.7
6931	3.609		3033	32.4	1536	3.5
6932	3.516		3156	31.1	1536	3.6
6933	3.500		3101	31.7	1536	3.5
6934	3.469		3181	30.9	1536	3.6
6935	3.484		3178	30.9	1536	3.5
6936	3.406		3193	30.8	1536	3.5
6937	3.594		2978	33.0	1536	3.2
6938	3.641		3155	31.2	1536	3.3
6939	3.578		3162	31.1	1536	3.3
6940	3.609		3094	31.8	1536	3.1
6941	3.562		3038	32.4	1536	3.0
6942	3.484		3036	32.4	1536	3.0
6943	3.562		3050	32.2	1536	2.9
6944	3.484		3084	31.9	1536	2.9
6945	3.422		3166	31.0	1536	3.0
6946	3.781		3129	31.4	1536	2.9
6947	3.391		3098	31.7	1536	2.8
6948	3.578		3128	31.4	1536	2.8
6949	3.500		3109	31.6	1536	2.7
6950	3.578		3029	32.5	1536	2.6
6951	3.578		2976	33.0	1536	2.5
6952	3.469		3016	32.6	1536	2.5
6953	3.500		3110	31.6	1536	2.5
6954	3.594		3040	32.3	1536	2.4
6955	3.438		3066	32.1	1536	2.4
6956	3.422		3124	31.5	1536	2.3
6957	3.453		3127	31.4	1536	2.3
6958	4.188		3226	30.5	1536	2.3
6959	3.312		3084	31.9	1536	2.2
6960	3.719		3083	31.9	1536	2.1
6961	3.703		3097	31.7	1536	2.1
6962	3.516		2981	33.0	1536	1.9
6963	3.797		3073	32.0	1536	1.9
6964	3.578		3063	32.1	1536	1.9
6965	3.516		3072	32.0	1536	1.8
6966	3.594		3086	31.9	1536	1.8
6967	3.500		3025	32.5	1536	1.7
6968	3.406		3311	29.7	1536	1.8
6969	3.438		3068	32.0	1536	1.6
6970	3.375		3102	31.7	1536	1.6
6971	3.453		3107	31.6	1536	1.6
6972	3.719		3144	31.3	1536	1.5
6973	3.594		3063	32.1	1536	1.4
6974	3.578		3117	31.5	1536	1.4
6975	3.625		3034	32.4	1536	1.3
6976	3.469		3082	31.9	1536	1.3
6977	3.734		3084	31.9	1536	1.2
6978	3.641		3059	32.1	1536	1.2
6979	3.484		3078	31.9	1536	1.1
6980	3.578		3105	31.7	1536	1.1
6981	3.266		3173	31.0	1536	1.1
6982	3.641		3147	31.2	1536	1.0
6983	3.422		3102	31.7	1536	0.9
6984	3.609		3156	31.2	1536	0.9
6985	3.594		3142	31.3	1536	0.8
6986	3.672		3125	31.5	1536	0.8
6987	3.594		3067	32.1	1536	0.7
6988	3.344		3118	31.5	1536	0.7
6989	3.484		2991	32.9	1536	0.6
6990	3.797		3136	31.3	1536	0.6
6991	4.000		3270	30.1	1536	0.5
6992	3.484		3088	31.8	1536	0.5
6993	3.578		3116	31.6	1536	0.4
6994	3.594		3064	32.1	1536	0.4
6995	3.531		3038	32.4	1536	0.3
6996	3.156		3195	30.8	1536	0.3
6997	3.547		3245	30.3	1536	0.2
6998	3.938		3150	31.2	1536	0.2
6999	3.562		3050	32.2	1536	0.1
7000	3.797		3083	31.9	1536	0.1
7001	3.281	3.508	3132	31.4	1792	0.0
Saved checkpoint at step 7000
Saved checkpoint at step 7000

Training complete in 346.5 minutes
Best validation loss: 3.4746
